-- phpMyAdmin SQL Dump
-- version 5.0.1
-- https://www.phpmyadmin.net/
--
-- Host: 127.0.0.1
-- Generation Time: Jun 27, 2020 at 03:58 PM
-- Server version: 10.4.11-MariaDB
-- PHP Version: 7.4.2

SET SQL_MODE = "NO_AUTO_VALUE_ON_ZERO";
SET AUTOCOMMIT = 0;
START TRANSACTION;
SET time_zone = "+00:00";


/*!40101 SET @OLD_CHARACTER_SET_CLIENT=@@CHARACTER_SET_CLIENT */;
/*!40101 SET @OLD_CHARACTER_SET_RESULTS=@@CHARACTER_SET_RESULTS */;
/*!40101 SET @OLD_COLLATION_CONNECTION=@@COLLATION_CONNECTION */;
/*!40101 SET NAMES utf8mb4 */;

--
-- Database: `sistem_keuangan`
--

-- --------------------------------------------------------

--
-- Table structure for table `bayar_catering`
--

CREATE TABLE `bayar_catering` (
  `no_bayar_catering` int(11) NOT NULL,
  `NIS` varchar(7) NOT NULL,
  `tanggal_bayar_catering` varchar(10) DEFAULT NULL,
  `bulan_catering` int(2) NOT NULL,
  `tahun_catering` year(4) NOT NULL,
  `biaya_catering` int(11) NOT NULL
) ENGINE=InnoDB DEFAULT CHARSET=latin1;

--
-- Dumping data for table `bayar_catering`
--

INSERT INTO `bayar_catering` (`no_bayar_catering`, `NIS`, `tanggal_bayar_catering`, `bulan_catering`, `tahun_catering`, `biaya_catering`) VALUES
(43, '202007', '18/05/2020', 5, 2020, 275000),
(44, '0001', '22/05/2020', 5, 2020, 200000),
(45, '0002', '21/05/2020', 5, 2020, 200000),
(46, '0003', '21/05/2020', 5, 2020, 200000),
(47, '0004', '21/05/2020', 5, 2020, 200000),
(48, '0034', '21/05/2020', 5, 2020, 200000),
(49, '0005', '21/05/2020', 5, 2020, 200000),
(50, '0035', '21/05/2020', 5, 2020, 200000),
(51, '0007', '21/05/2020', 5, 2020, 200000),
(52, '0036', '21/05/2020', 5, 2020, 200000),
(53, '0008', '21/05/2020', 5, 2020, 200000),
(54, '0037', '21/05/2020', 5, 2020, 200000),
(55, '0009', '21/05/2020', 5, 2020, 200000),
(56, '0038', '21/05/2020', 5, 2020, 200000),
(57, '0010', '21/05/2020', 5, 2020, 200000),
(58, '0039', '21/05/2020', 5, 2020, 200000),
(59, '0011', '21/05/2020', 5, 2020, 200000),
(60, '0040', '21/05/2020', 5, 2020, 200000),
(61, '0012', '21/05/2020', 5, 2020, 200000),
(62, '0041', '21/05/2020', 5, 2020, 200000),
(63, '0013', '21/05/2020', 5, 2020, 200000),
(64, '0042', '21/05/2020', 5, 2020, 200000),
(65, '0014', '21/05/2020', 5, 2020, 200000),
(66, '0043', '21/05/2020', 5, 2020, 200000),
(67, '0015', '21/05/2020', 5, 2020, 200000),
(68, '0044', '21/05/2020', 5, 2020, 200000),
(69, '0016', '21/05/2020', 5, 2020, 200000),
(70, '0045', '21/05/2020', 5, 2020, 200000),
(71, '0018', '21/05/2020', 5, 2020, 200000),
(72, '0046', '21/05/2020', 5, 2020, 200000),
(73, '0019', '21/05/2020', 5, 2020, 200000),
(74, '0047', '21/05/2020', 5, 2020, 200000),
(75, '0028', '21/05/2020', 5, 2020, 200000),
(76, '0048', '21/05/2020', 5, 2020, 200000),
(77, '0029', '21/05/2020', 5, 2020, 200000),
(78, '0049', '21/05/2020', 5, 2020, 200000),
(79, '0030', '21/05/2020', 5, 2020, 200000),
(80, '0051', '21/05/2020', 5, 2020, 200000),
(81, '0031', '21/05/2020', 5, 2020, 200000),
(82, '0070', '21/05/2020', 5, 2020, 200000),
(83, '0032', '21/05/2020', 5, 2020, 200000),
(84, '0071', '21/05/2020', 5, 2020, 200000),
(85, '0033', '21/05/2020', 5, 2020, 200000),
(86, '0002', '14/04/2020', 4, 2020, 200000),
(87, '0003', '14/04/2020', 4, 2020, 200000),
(88, '0004', '14/04/2020', 4, 2020, 200000),
(89, '0034', '14/04/2020', 4, 2020, 200000),
(90, '0005', '14/04/2020', 4, 2020, 200000),
(91, '0035', '14/04/2020', 4, 2020, 200000),
(92, '0007', '14/04/2020', 4, 2020, 200000),
(93, '0036', '14/04/2020', 4, 2020, 200000),
(94, '0008', '14/04/2020', 4, 2020, 200000),
(95, '0037', '14/04/2020', 4, 2020, 200000),
(96, '0009', '14/04/2020', 4, 2020, 200000),
(97, '0038', '14/04/2020', 4, 2020, 200000),
(98, '0010', '14/04/2020', 4, 2020, 200000),
(99, '0039', '14/04/2020', 4, 2020, 200000),
(100, '0011', '14/04/2020', 4, 2020, 200000),
(101, '0040', '14/04/2020', 4, 2020, 200000),
(102, '0012', '14/04/2020', 4, 2020, 200000),
(103, '0041', '14/04/2020', 4, 2020, 200000),
(104, '0013', '14/04/2020', 4, 2020, 200000),
(105, '0042', '14/04/2020', 4, 2020, 200000),
(106, '0014', '14/04/2020', 4, 2020, 200000),
(107, '0043', '14/04/2020', 4, 2020, 200000),
(108, '0015', '14/04/2020', 4, 2020, 200000),
(109, '0044', '14/04/2020', 4, 2020, 200000),
(110, '0016', '14/04/2020', 4, 2020, 200000),
(111, '0045', '14/04/2020', 4, 2020, 200000),
(112, '0018', '14/04/2020', 4, 2020, 200000),
(113, '0046', '14/04/2020', 4, 2020, 200000),
(114, '0019', '14/04/2020', 4, 2020, 200000),
(115, '0047', '14/04/2020', 4, 2020, 200000),
(116, '0028', '14/04/2020', 4, 2020, 200000),
(117, '0048', '14/04/2020', 4, 2020, 200000),
(118, '0029', '14/04/2020', 4, 2020, 200000),
(119, '0049', '14/04/2020', 4, 2020, 200000),
(120, '0030', '14/04/2020', 4, 2020, 200000),
(121, '0051', '14/04/2020', 4, 2020, 200000),
(122, '0031', '14/04/2020', 4, 2020, 200000),
(123, '0070', '14/04/2020', 4, 2020, 200000),
(124, '0032', '14/04/2020', 4, 2020, 200000),
(125, '0071', '14/04/2020', 4, 2020, 200000),
(126, '0033', '14/04/2020', 4, 2020, 200000),
(127, '0001', '14/04/2020', 6, 2020, 200000),
(128, '0002', '14/04/2020', 6, 2020, 200000),
(129, '0003', '14/04/2020', 6, 2020, 200000),
(130, '0004', '14/04/2020', 6, 2020, 200000),
(131, '0005', '14/04/2020', 6, 2020, 200000),
(132, '0007', '14/04/2020', 6, 2020, 200000),
(133, '0008', '14/04/2020', 6, 2020, 200000),
(134, '0009', '14/04/2020', 6, 2020, 200000),
(135, '0010', '14/04/2020', 6, 2020, 200000),
(136, '0011', '14/04/2020', 6, 2020, 200000),
(137, '0012', '14/04/2020', 6, 2020, 200000),
(138, '0013', '14/04/2020', 6, 2020, 200000),
(139, '0014', '14/04/2020', 6, 2020, 200000),
(140, '0015', '14/04/2020', 6, 2020, 200000),
(141, '0016', '14/04/2020', 6, 2020, 200000),
(142, '0018', '14/04/2020', 6, 2020, 200000),
(143, '0019', '14/04/2020', 6, 2020, 200000),
(144, '0021', '14/04/2020', 6, 2020, 200000),
(145, '0022', '14/04/2020', 6, 2020, 200000),
(146, '0023', '14/04/2020', 6, 2020, 200000),
(147, '0024', '14/04/2020', 6, 2020, 200000),
(148, '0025', '14/04/2020', 6, 2020, 200000),
(149, '0027', '14/04/2020', 6, 2020, 200000),
(150, '0028', '14/04/2020', 6, 2020, 200000),
(151, '0029', '14/04/2020', 6, 2020, 200000),
(152, '0030', '14/04/2020', 6, 2020, 200000),
(153, '0031', '14/04/2020', 6, 2020, 200000),
(154, '0032', '14/04/2020', 6, 2020, 200000),
(155, '0033', '14/04/2020', 6, 2020, 200000),
(156, '0034', '14/04/2020', 6, 2020, 200000),
(157, '0035', '14/04/2020', 6, 2020, 200000),
(158, '0036', '14/04/2020', 6, 2020, 200000),
(159, '0037', '14/04/2020', 6, 2020, 200000),
(160, '0038', '14/04/2020', 6, 2020, 200000),
(161, '0039', '14/04/2020', 6, 2020, 200000),
(162, '0040', '14/04/2020', 6, 2020, 200000),
(163, '0041', '14/04/2020', 6, 2020, 200000),
(164, '0042', '14/04/2020', 6, 2020, 200000),
(165, '0043', '14/04/2020', 6, 2020, 200000),
(166, '0044', '14/04/2020', 6, 2020, 200000),
(167, '0045', '14/04/2020', 6, 2020, 200000),
(168, '0046', '14/04/2020', 6, 2020, 200000),
(169, '0047', '14/04/2020', 6, 2020, 200000),
(170, '0048', '14/04/2020', 6, 2020, 200000),
(171, '0049', '14/04/2020', 6, 2020, 200000),
(172, '0051', '14/04/2020', 6, 2020, 200000),
(173, '0052', '14/04/2020', 6, 2020, 200000),
(174, '0053', '14/04/2020', 6, 2020, 200000),
(175, '0054', '14/04/2020', 6, 2020, 200000),
(176, '0056', '14/04/2020', 6, 2020, 200000),
(177, '0057', '14/04/2020', 6, 2020, 200000),
(178, '0058', '14/04/2020', 6, 2020, 200000),
(179, '0059', '14/04/2020', 6, 2020, 200000),
(180, '0060', '14/04/2020', 6, 2020, 200000),
(181, '0061', '14/04/2020', 6, 2020, 200000),
(182, '0062', '14/04/2020', 6, 2020, 200000),
(183, '0063', '14/04/2020', 6, 2020, 200000),
(184, '0064', '14/04/2020', 6, 2020, 200000),
(185, '0065', '14/04/2020', 6, 2020, 200000),
(186, '0066', '14/04/2020', 6, 2020, 200000),
(187, '0067', '14/04/2020', 6, 2020, 200000),
(188, '0068', '14/04/2020', 6, 2020, 200000),
(189, '0069', '14/04/2020', 6, 2020, 200000),
(190, '0070', '14/04/2020', 6, 2020, 200000),
(191, '0071', '14/04/2020', 6, 2020, 200000),
(192, '0072', '14/04/2020', 6, 2020, 200000),
(193, '0073', '14/04/2020', 6, 2020, 200000),
(194, '0074', '14/04/2020', 6, 2020, 200000),
(195, '0075', '14/04/2020', 6, 2020, 200000),
(196, '0076', '14/04/2020', 6, 2020, 200000),
(197, '0077', '14/04/2020', 6, 2020, 200000),
(198, '0078', '14/04/2020', 6, 2020, 200000),
(199, '0079', '14/04/2020', 6, 2020, 200000),
(200, '0080', '14/04/2020', 6, 2020, 200000),
(201, '0081', '14/04/2020', 6, 2020, 200000),
(202, '0082', '14/04/2020', 6, 2020, 200000),
(203, '0083', '14/04/2020', 6, 2020, 200000),
(204, '0084', '14/06/2020', 6, 2020, 200000),
(205, '0085', '14/06/2020', 6, 2020, 200000),
(206, '0086', '14/06/2020', 6, 2020, 200000),
(207, '0087', '14/06/2020', 6, 2020, 200000),
(208, '0088', '19/06/2020', 6, 2020, 200000),
(352, '0001', '14/11/2019', 11, 2019, 225000),
(353, '0002', '14/11/2019', 11, 2019, 225000),
(354, '0003', '14/11/2019', 11, 2019, 225000),
(355, '0004', '14/11/2019', 11, 2019, 225000),
(356, '0005', '14/11/2019', 11, 2019, 225000),
(357, '0007', '14/11/2019', 11, 2019, 225000),
(358, '0008', '14/11/2019', 11, 2019, 225000),
(359, '0009', '14/11/2019', 11, 2019, 225000),
(360, '0010', '14/11/2019', 11, 2019, 225000),
(361, '0011', '14/11/2019', 11, 2019, 225000),
(362, '0012', '14/11/2019', 11, 2019, 225000),
(363, '0013', '14/11/2019', 11, 2019, 225000),
(364, '0014', '14/11/2019', 11, 2019, 225000),
(365, '0015', '14/11/2019', 11, 2019, 225000),
(366, '0016', '14/11/2019', 11, 2019, 225000),
(367, '0018', '14/11/2019', 11, 2019, 225000),
(368, '0019', '14/11/2019', 11, 2019, 225000),
(369, '0021', '14/11/2019', 11, 2019, 225000),
(370, '0022', '14/11/2019', 11, 2019, 225000),
(371, '0023', '14/11/2019', 11, 2019, 225000),
(372, '0024', '14/11/2019', 11, 2019, 225000),
(373, '0025', '14/11/2019', 11, 2019, 225000),
(374, '0027', '14/11/2019', 11, 2019, 225000),
(375, '0028', '14/11/2019', 11, 2019, 225000),
(376, '0029', '14/11/2019', 11, 2019, 225000),
(377, '0030', '14/11/2019', 11, 2019, 225000),
(378, '0031', '14/11/2019', 11, 2019, 225000),
(379, '0032', '14/11/2019', 11, 2019, 225000),
(380, '0033', '14/11/2019', 11, 2019, 225000),
(381, '0034', '14/11/2019', 11, 2019, 225000),
(382, '0035', '14/11/2019', 11, 2019, 225000),
(383, '0036', '14/11/2019', 11, 2019, 225000),
(384, '0037', '14/11/2019', 11, 2019, 225000),
(385, '0038', '14/11/2019', 11, 2019, 225000),
(386, '0039', '14/11/2019', 11, 2019, 225000),
(387, '0040', '14/11/2019', 11, 2019, 225000),
(388, '0041', '14/11/2019', 11, 2019, 225000),
(389, '0042', '14/11/2019', 11, 2019, 225000),
(390, '0043', '14/11/2019', 11, 2019, 225000),
(391, '0044', '14/11/2019', 11, 2019, 225000),
(392, '0045', '14/11/2019', 11, 2019, 225000),
(393, '0046', '14/11/2019', 11, 2019, 225000),
(394, '0047', '14/11/2019', 11, 2019, 225000),
(395, '0048', '14/11/2019', 11, 2019, 225000),
(396, '0049', '14/11/2019', 11, 2019, 225000),
(397, '0051', '14/11/2019', 11, 2019, 225000),
(398, '0052', '14/11/2019', 11, 2019, 225000),
(399, '0053', '14/11/2019', 11, 2019, 225000),
(400, '0054', '14/11/2019', 11, 2019, 225000),
(401, '0056', '14/11/2019', 11, 2019, 225000),
(402, '0057', '14/11/2019', 11, 2019, 225000),
(403, '0058', '14/11/2019', 11, 2019, 225000),
(404, '0059', '14/11/2019', 11, 2019, 225000),
(405, '0060', '14/11/2019', 11, 2019, 225000),
(406, '0061', '14/11/2019', 11, 2019, 225000),
(407, '0062', '14/11/2019', 11, 2019, 225000),
(408, '0063', '14/11/2019', 11, 2019, 225000),
(409, '0064', '14/11/2019', 11, 2019, 225000),
(410, '0065', '14/11/2019', 11, 2019, 225000),
(411, '0066', '14/11/2019', 11, 2019, 225000),
(412, '0067', '14/11/2019', 11, 2019, 225000),
(413, '0068', '14/11/2019', 11, 2019, 225000),
(414, '0069', '14/11/2019', 11, 2019, 225000),
(415, '0070', '14/11/2019', 11, 2019, 225000),
(416, '0071', '14/11/2019', 11, 2019, 225000),
(417, '0072', '14/11/2019', 11, 2019, 225000),
(418, '0073', '14/11/2019', 11, 2019, 225000),
(419, '0074', '14/11/2019', 11, 2019, 225000),
(420, '0075', '14/11/2019', 11, 2019, 225000),
(421, '0076', '14/11/2019', 11, 2019, 225000),
(422, '0077', '14/11/2019', 11, 2019, 225000),
(423, '0078', '14/11/2019', 11, 2019, 225000),
(424, '0079', '14/11/2019', 11, 2019, 225000),
(425, '0080', '14/11/2019', 11, 2019, 225000),
(426, '0081', '14/11/2019', 11, 2019, 225000),
(427, '0082', '14/11/2019', 11, 2019, 225000),
(428, '0083', '14/11/2019', 11, 2019, 225000),
(429, '0084', '14/11/2019', 11, 2019, 225000),
(430, '0085', '14/11/2019', 11, 2019, 225000),
(431, '0086', '14/11/2019', 11, 2019, 225000),
(432, '0087', '14/11/2019', 11, 2019, 225000),
(433, '0088', '14/11/2019', 11, 2019, 225000),
(434, '0089', '14/11/2019', 11, 2019, 225000),
(435, '0090', '14/11/2019', 11, 2019, 225000),
(436, '0091', '14/11/2019', 11, 2019, 225000),
(437, '0092', '14/11/2019', 11, 2019, 225000),
(438, '0093', '14/11/2019', 11, 2019, 225000),
(439, '0094', '14/11/2019', 11, 2019, 225000),
(440, '0095', '14/11/2019', 11, 2019, 225000),
(441, '0096', '14/11/2019', 11, 2019, 225000),
(442, '0097', '14/11/2019', 11, 2019, 225000),
(443, '0098', '14/11/2019', 11, 2019, 225000),
(444, '0099', '14/11/2019', 11, 2019, 225000),
(445, '0100', '14/11/2019', 11, 2019, 225000),
(446, '0101', '14/11/2019', 11, 2019, 225000),
(447, '0102', '14/11/2019', 11, 2019, 225000),
(448, '0103', '14/11/2019', 11, 2019, 225000),
(449, '0104', '14/11/2019', 11, 2019, 225000),
(450, '0105', '14/11/2019', 11, 2019, 225000),
(451, '0106', '14/11/2019', 11, 2019, 225000),
(452, '0107', '14/11/2019', 11, 2019, 225000),
(453, '0108', '14/11/2019', 11, 2019, 225000),
(454, '0109', '14/11/2019', 11, 2019, 225000),
(455, '0110', '14/11/2019', 11, 2019, 225000),
(456, '0111', '14/11/2019', 11, 2019, 225000),
(457, '0112', '14/11/2019', 11, 2019, 225000),
(458, '0113', '14/11/2019', 11, 2019, 225000),
(459, '0114', '14/11/2019', 11, 2019, 225000),
(460, '0115', '14/11/2019', 11, 2019, 225000),
(461, '0116', '14/11/2019', 11, 2019, 225000),
(462, '0117', '14/11/2019', 11, 2019, 225000),
(463, '0118', '14/11/2019', 11, 2019, 225000),
(464, '0119', '14/11/2019', 11, 2019, 225000),
(465, '0120', '14/11/2019', 11, 2019, 225000),
(466, '0121', '14/11/2019', 11, 2019, 225000),
(467, '202001', '14/11/2019', 11, 2019, 225000),
(468, '202002', '14/11/2019', 11, 2019, 225000),
(469, '202003', '14/11/2019', 11, 2019, 225000),
(470, '202004', '14/11/2019', 11, 2019, 225000),
(471, '202005', '14/11/2019', 11, 2019, 225000),
(472, '202006', '14/11/2019', 11, 2019, 225000),
(473, '202007', '14/11/2019', 11, 2019, 225000),
(474, '202008', '14/11/2019', 11, 2019, 225000),
(475, '202009', '14/11/2019', 11, 2019, 225000),
(476, '202010', '14/11/2019', 11, 2019, 225000),
(477, '202011', '14/11/2019', 11, 2019, 225000),
(478, '202012', '14/11/2019', 11, 2019, 225000),
(479, '202013', '14/11/2019', 11, 2019, 225000),
(480, '202014', '14/11/2019', 11, 2019, 225000),
(481, '202015', '14/11/2019', 11, 2019, 225000),
(482, '202016', '14/11/2019', 11, 2019, 225000),
(483, '202017', '14/11/2019', 11, 2019, 225000),
(484, '202018', '14/11/2019', 11, 2019, 225000),
(485, '202019', '14/11/2019', 11, 2019, 225000),
(486, '202020', '14/11/2019', 11, 2019, 225000),
(487, '202021', '14/11/2019', 11, 2019, 225000),
(488, '202022', '14/11/2019', 11, 2019, 225000),
(489, '202023', '14/11/2019', 11, 2019, 225000),
(490, '202024', '14/11/2019', 11, 2019, 225000),
(491, '202025', '14/11/2019', 11, 2019, 225000),
(492, '202026', '14/11/2019', 11, 2019, 225000),
(493, '202027', '14/11/2019', 11, 2019, 225000),
(494, '202028', '14/11/2019', 11, 2019, 225000),
(495, '0001', '14/12/2019', 12, 2019, 100000),
(496, '0002', '14/12/2019', 12, 2019, 100000),
(497, '0003', '14/12/2019', 12, 2019, 100000),
(498, '0004', '14/12/2019', 12, 2019, 100000),
(499, '0005', '14/12/2019', 12, 2019, 100000),
(500, '0007', '14/12/2019', 12, 2019, 100000),
(501, '0008', '14/12/2019', 12, 2019, 100000),
(502, '0009', '14/12/2019', 12, 2019, 100000),
(503, '0010', '14/12/2019', 12, 2019, 100000),
(504, '0011', '14/12/2019', 12, 2019, 100000),
(505, '0012', '14/12/2019', 12, 2019, 100000),
(506, '0013', '14/12/2019', 12, 2019, 100000),
(507, '0014', '14/12/2019', 12, 2019, 100000),
(508, '0015', '14/12/2019', 12, 2019, 100000),
(509, '0016', '14/12/2019', 12, 2019, 100000),
(510, '0018', '14/12/2019', 12, 2019, 100000),
(511, '0019', '14/12/2019', 12, 2019, 100000),
(512, '0021', '14/12/2019', 12, 2019, 100000),
(513, '0022', '14/12/2019', 12, 2019, 100000),
(514, '0023', '14/12/2019', 12, 2019, 100000),
(515, '0024', '14/12/2019', 12, 2019, 100000),
(516, '0025', '14/12/2019', 12, 2019, 100000),
(517, '0027', '14/12/2019', 12, 2019, 100000),
(518, '0028', '14/12/2019', 12, 2019, 100000),
(519, '0029', '14/12/2019', 12, 2019, 100000),
(520, '0030', '14/12/2019', 12, 2019, 100000),
(521, '0031', '14/12/2019', 12, 2019, 100000),
(522, '0032', '14/12/2019', 12, 2019, 100000),
(523, '0033', '14/12/2019', 12, 2019, 100000),
(524, '0034', '14/12/2019', 12, 2019, 100000),
(525, '0035', '14/12/2019', 12, 2019, 100000),
(526, '0036', '14/12/2019', 12, 2019, 100000),
(527, '0037', '14/12/2019', 12, 2019, 100000),
(528, '0038', '14/12/2019', 12, 2019, 100000),
(529, '0039', '14/12/2019', 12, 2019, 100000),
(530, '0040', '14/12/2019', 12, 2019, 100000),
(531, '0041', '14/12/2019', 12, 2019, 100000),
(532, '0042', '14/12/2019', 12, 2019, 100000),
(533, '0043', '14/12/2019', 12, 2019, 100000),
(534, '0044', '14/12/2019', 12, 2019, 100000),
(535, '0045', '14/12/2019', 12, 2019, 100000),
(536, '0046', '14/12/2019', 12, 2019, 100000),
(537, '0047', '14/12/2019', 12, 2019, 100000),
(538, '0048', '14/12/2019', 12, 2019, 100000),
(539, '0049', '14/12/2019', 12, 2019, 100000),
(540, '0051', '14/12/2019', 12, 2019, 100000),
(541, '0052', '14/12/2019', 12, 2019, 100000),
(542, '0053', '14/12/2019', 12, 2019, 100000),
(543, '0054', '14/12/2019', 12, 2019, 100000),
(544, '0056', '14/12/2019', 12, 2019, 100000),
(545, '0057', '14/12/2019', 12, 2019, 100000),
(546, '0058', '14/12/2019', 12, 2019, 100000),
(547, '0059', '14/12/2019', 12, 2019, 100000),
(548, '0060', '14/12/2019', 12, 2019, 100000),
(549, '0061', '14/12/2019', 12, 2019, 100000),
(550, '0062', '14/12/2019', 12, 2019, 100000),
(551, '0063', '14/12/2019', 12, 2019, 100000),
(552, '0064', '14/12/2019', 12, 2019, 100000),
(553, '0065', '14/12/2019', 12, 2019, 100000),
(554, '0066', '14/12/2019', 12, 2019, 100000),
(555, '0067', '14/12/2019', 12, 2019, 100000),
(556, '0068', '14/12/2019', 12, 2019, 100000),
(557, '0069', '14/12/2019', 12, 2019, 100000),
(558, '0070', '14/12/2019', 12, 2019, 100000),
(559, '0071', '14/12/2019', 12, 2019, 100000),
(560, '0072', '14/12/2019', 12, 2019, 100000),
(561, '0073', '14/12/2019', 12, 2019, 100000),
(562, '0074', '14/12/2019', 12, 2019, 100000),
(563, '0075', '14/12/2019', 12, 2019, 100000),
(564, '0076', '14/12/2019', 12, 2019, 100000),
(565, '0077', '14/12/2019', 12, 2019, 100000),
(566, '0078', '14/12/2019', 12, 2019, 100000),
(567, '0079', '14/12/2019', 12, 2019, 100000),
(568, '0080', '14/12/2019', 12, 2019, 100000),
(569, '0081', '14/12/2019', 12, 2019, 100000),
(570, '0082', '14/12/2019', 12, 2019, 100000),
(571, '0083', '14/12/2019', 12, 2019, 100000),
(572, '0084', '14/12/2019', 12, 2019, 100000),
(573, '0085', '14/12/2019', 12, 2019, 100000),
(574, '0086', '14/12/2019', 12, 2019, 100000),
(575, '0087', '14/12/2019', 12, 2019, 100000),
(576, '0088', '14/12/2019', 12, 2019, 100000),
(577, '0089', '14/12/2019', 12, 2019, 100000),
(578, '0090', '14/12/2019', 12, 2019, 100000),
(579, '0091', '14/12/2019', 12, 2019, 100000),
(580, '0092', '14/12/2019', 12, 2019, 100000),
(581, '0093', '14/12/2019', 12, 2019, 100000),
(582, '0094', '14/12/2019', 12, 2019, 100000),
(583, '0095', '14/12/2019', 12, 2019, 100000),
(584, '0096', '14/12/2019', 12, 2019, 100000),
(585, '0097', '14/12/2019', 12, 2019, 100000),
(586, '0098', '14/12/2019', 12, 2019, 100000),
(587, '0099', '14/12/2019', 12, 2019, 100000),
(588, '0100', '14/12/2019', 12, 2019, 100000),
(589, '0101', '14/12/2019', 12, 2019, 100000),
(590, '0102', '14/12/2019', 12, 2019, 100000),
(591, '0103', '14/12/2019', 12, 2019, 100000),
(592, '0104', '14/12/2019', 12, 2019, 100000),
(593, '0105', '14/12/2019', 12, 2019, 100000),
(594, '0106', '14/12/2019', 12, 2019, 100000),
(595, '0107', '14/12/2019', 12, 2019, 100000),
(596, '0108', '14/12/2019', 12, 2019, 100000),
(597, '0109', '14/12/2019', 12, 2019, 100000),
(598, '0110', '14/12/2019', 12, 2019, 100000),
(599, '0111', '14/12/2019', 12, 2019, 100000),
(600, '0112', '14/12/2019', 12, 2019, 100000),
(601, '0113', '14/12/2019', 12, 2019, 100000),
(602, '0114', '14/12/2019', 12, 2019, 100000),
(603, '0115', '14/12/2019', 12, 2019, 100000),
(604, '0116', '14/12/2019', 12, 2019, 100000),
(605, '0117', '14/12/2019', 12, 2019, 100000),
(606, '0118', '14/12/2019', 12, 2019, 100000),
(607, '0119', '14/12/2019', 12, 2019, 100000),
(608, '0120', '14/12/2019', 12, 2019, 100000),
(609, '0121', '14/12/2019', 12, 2019, 100000),
(610, '202001', '14/12/2019', 12, 2019, 100000),
(611, '202002', '14/12/2019', 12, 2019, 100000),
(612, '202003', '14/12/2019', 12, 2019, 100000),
(613, '202004', '14/12/2019', 12, 2019, 100000),
(614, '202005', '14/12/2019', 12, 2019, 100000),
(615, '202006', '14/12/2019', 12, 2019, 100000),
(616, '202007', '14/12/2019', 12, 2019, 100000),
(617, '202008', '14/12/2019', 12, 2019, 100000),
(618, '202009', '14/12/2019', 12, 2019, 100000),
(619, '202010', '14/12/2019', 12, 2019, 100000),
(620, '202011', '14/12/2019', 12, 2019, 100000),
(621, '202012', '14/12/2019', 12, 2019, 100000),
(622, '202013', '14/12/2019', 12, 2019, 100000),
(623, '202014', '14/12/2019', 12, 2019, 100000),
(624, '202015', '14/12/2019', 12, 2019, 100000),
(625, '202016', '14/12/2019', 12, 2019, 100000),
(626, '202017', '14/12/2019', 12, 2019, 100000),
(627, '202018', '14/12/2019', 12, 2019, 100000),
(628, '202019', '14/12/2019', 12, 2019, 100000),
(629, '202020', '14/12/2019', 12, 2019, 100000),
(630, '202021', '14/12/2019', 12, 2019, 100000),
(631, '202022', '14/12/2019', 12, 2019, 100000),
(632, '202023', '14/12/2019', 12, 2019, 100000),
(633, '202024', '14/12/2019', 12, 2019, 100000),
(634, '202025', '14/12/2019', 12, 2019, 100000),
(635, '202026', '14/12/2019', 12, 2019, 100000),
(636, '202027', '14/12/2019', 12, 2019, 100000),
(637, '202028', '14/12/2019', 12, 2019, 100000),
(638, '0001', '14/01/2020', 1, 2020, 200000),
(639, '0002', '14/01/2020', 1, 2020, 200000),
(640, '0003', '14/01/2020', 1, 2020, 200000),
(641, '0004', '14/01/2020', 1, 2020, 200000),
(642, '0005', '14/01/2020', 1, 2020, 200000),
(643, '0007', '14/01/2020', 1, 2020, 200000),
(644, '0008', '14/01/2020', 1, 2020, 200000),
(645, '0009', '14/01/2020', 1, 2020, 200000),
(646, '0010', '14/01/2020', 1, 2020, 200000),
(647, '0011', '14/01/2020', 1, 2020, 200000),
(648, '0012', '14/01/2020', 1, 2020, 200000),
(649, '0013', '14/01/2020', 1, 2020, 200000),
(650, '0014', '14/01/2020', 1, 2020, 200000),
(651, '0015', '14/01/2020', 1, 2020, 200000),
(652, '0016', '14/01/2020', 1, 2020, 200000),
(653, '0018', '14/01/2020', 1, 2020, 200000),
(654, '0019', '14/01/2020', 1, 2020, 200000),
(655, '0021', '14/01/2020', 1, 2020, 200000),
(656, '0022', '14/01/2020', 1, 2020, 200000),
(657, '0023', '14/01/2020', 1, 2020, 200000),
(658, '0024', '14/01/2020', 1, 2020, 200000),
(659, '0025', '14/01/2020', 1, 2020, 200000),
(660, '0027', '14/01/2020', 1, 2020, 200000),
(661, '0028', '14/01/2020', 1, 2020, 200000),
(662, '0029', '14/01/2020', 1, 2020, 200000),
(663, '0030', '14/01/2020', 1, 2020, 200000),
(664, '0031', '14/01/2020', 1, 2020, 200000),
(665, '0032', '14/01/2020', 1, 2020, 200000),
(666, '0033', '14/01/2020', 1, 2020, 200000),
(667, '0034', '14/01/2020', 1, 2020, 200000),
(668, '0035', '14/01/2020', 1, 2020, 200000),
(669, '0036', '14/01/2020', 1, 2020, 200000),
(670, '0037', '14/01/2020', 1, 2020, 200000),
(671, '0038', '14/01/2020', 1, 2020, 200000),
(672, '0039', '14/01/2020', 1, 2020, 200000),
(673, '0040', '14/01/2020', 1, 2020, 200000),
(674, '0041', '14/01/2020', 1, 2020, 200000),
(675, '0042', '14/01/2020', 1, 2020, 200000),
(676, '0043', '14/01/2020', 1, 2020, 200000),
(677, '0044', '14/01/2020', 1, 2020, 200000),
(678, '0045', '14/01/2020', 1, 2020, 200000),
(679, '0046', '14/01/2020', 1, 2020, 200000),
(680, '0047', '14/01/2020', 1, 2020, 200000),
(681, '0048', '14/01/2020', 1, 2020, 200000),
(682, '0049', '14/01/2020', 1, 2020, 200000),
(683, '0051', '14/01/2020', 1, 2020, 200000),
(684, '0052', '14/01/2020', 1, 2020, 200000),
(685, '0053', '14/01/2020', 1, 2020, 200000),
(686, '0054', '14/01/2020', 1, 2020, 200000),
(687, '0056', '14/01/2020', 1, 2020, 200000),
(688, '0057', '14/01/2020', 1, 2020, 200000),
(689, '0058', '14/01/2020', 1, 2020, 200000),
(690, '0059', '14/01/2020', 1, 2020, 200000),
(691, '0060', '14/01/2020', 1, 2020, 200000),
(692, '0061', '14/01/2020', 1, 2020, 200000),
(693, '0062', '14/01/2020', 1, 2020, 200000),
(694, '0063', '14/01/2020', 1, 2020, 200000),
(695, '0064', '14/01/2020', 1, 2020, 200000),
(696, '0065', '14/01/2020', 1, 2020, 200000),
(697, '0066', '14/01/2020', 1, 2020, 200000),
(698, '0067', '14/01/2020', 1, 2020, 200000),
(699, '0068', '14/01/2020', 1, 2020, 200000),
(700, '0069', '14/01/2020', 1, 2020, 200000),
(701, '0070', '14/01/2020', 1, 2020, 200000),
(702, '0071', '14/01/2020', 1, 2020, 200000),
(703, '0072', '14/01/2020', 1, 2020, 200000),
(704, '0073', '14/01/2020', 1, 2020, 200000),
(705, '0074', '14/01/2020', 1, 2020, 200000),
(706, '0075', '14/01/2020', 1, 2020, 200000),
(707, '0076', '14/01/2020', 1, 2020, 200000),
(708, '0077', '14/01/2020', 1, 2020, 200000),
(709, '0078', '14/01/2020', 1, 2020, 200000),
(710, '0079', '14/01/2020', 1, 2020, 200000),
(711, '0080', '14/01/2020', 1, 2020, 200000),
(712, '0081', '14/01/2020', 1, 2020, 200000),
(713, '0082', '14/01/2020', 1, 2020, 200000),
(714, '0083', '14/01/2020', 1, 2020, 200000),
(715, '0084', '14/01/2020', 1, 2020, 200000),
(716, '0085', '14/01/2020', 1, 2020, 200000),
(717, '0086', '14/01/2020', 1, 2020, 200000),
(718, '0087', '14/01/2020', 1, 2020, 200000),
(719, '0088', '14/01/2020', 1, 2020, 200000),
(720, '0089', '14/01/2020', 1, 2020, 200000),
(721, '0090', '14/01/2020', 1, 2020, 200000),
(722, '0091', '14/01/2020', 1, 2020, 200000),
(723, '0092', '14/01/2020', 1, 2020, 200000),
(724, '0093', '14/01/2020', 1, 2020, 200000),
(725, '0094', '14/01/2020', 1, 2020, 200000),
(726, '0095', '14/01/2020', 1, 2020, 200000),
(727, '0096', '14/01/2020', 1, 2020, 200000),
(728, '0097', '14/01/2020', 1, 2020, 200000),
(729, '0098', '14/01/2020', 1, 2020, 200000),
(730, '0099', '14/01/2020', 1, 2020, 200000),
(731, '0100', '14/01/2020', 1, 2020, 200000),
(732, '0101', '14/01/2020', 1, 2020, 200000),
(733, '0102', '14/01/2020', 1, 2020, 200000),
(734, '0103', '14/01/2020', 1, 2020, 200000),
(735, '0104', '14/01/2020', 1, 2020, 200000),
(736, '0105', '14/01/2020', 1, 2020, 200000),
(737, '0106', '14/01/2020', 1, 2020, 200000),
(738, '0107', '14/01/2020', 1, 2020, 200000),
(739, '0108', '14/01/2020', 1, 2020, 200000),
(740, '0109', '14/01/2020', 1, 2020, 200000),
(741, '0110', '14/01/2020', 1, 2020, 200000),
(742, '0111', '14/01/2020', 1, 2020, 200000),
(743, '0112', '14/01/2020', 1, 2020, 200000),
(744, '0113', '14/01/2020', 1, 2020, 200000),
(745, '0114', '14/01/2020', 1, 2020, 200000),
(746, '0115', '14/01/2020', 1, 2020, 200000),
(747, '0116', '14/01/2020', 1, 2020, 200000),
(748, '0117', '14/01/2020', 1, 2020, 200000),
(749, '0118', '14/01/2020', 1, 2020, 200000),
(750, '0119', '14/01/2020', 1, 2020, 200000),
(751, '0120', '14/01/2020', 1, 2020, 200000),
(752, '0121', '14/01/2020', 1, 2020, 200000),
(753, '202001', '14/01/2020', 1, 2020, 200000),
(754, '202002', '14/01/2020', 1, 2020, 200000),
(755, '202003', '14/01/2020', 1, 2020, 200000),
(756, '202004', '14/01/2020', 1, 2020, 200000),
(757, '202005', '14/01/2020', 1, 2020, 200000),
(758, '202006', '14/01/2020', 1, 2020, 200000),
(759, '202007', '14/01/2020', 1, 2020, 200000),
(760, '202008', '14/01/2020', 1, 2020, 200000),
(761, '202009', '14/01/2020', 1, 2020, 200000),
(762, '202010', '14/01/2020', 1, 2020, 200000),
(763, '202011', '14/01/2020', 1, 2020, 200000),
(764, '202012', '14/01/2020', 1, 2020, 200000),
(765, '202013', '14/01/2020', 1, 2020, 200000),
(766, '202014', '14/01/2020', 1, 2020, 200000),
(767, '202015', '14/01/2020', 1, 2020, 200000),
(768, '202016', '14/01/2020', 1, 2020, 200000),
(769, '202017', '14/01/2020', 1, 2020, 200000),
(770, '202018', '14/01/2020', 1, 2020, 200000),
(771, '202019', '14/01/2020', 1, 2020, 200000),
(772, '202020', '14/01/2020', 1, 2020, 200000),
(773, '202021', '14/01/2020', 1, 2020, 200000),
(774, '202022', '14/01/2020', 1, 2020, 200000),
(775, '202023', '14/01/2020', 1, 2020, 200000),
(776, '202024', '14/01/2020', 1, 2020, 200000),
(777, '202025', '14/01/2020', 1, 2020, 200000),
(778, '202026', '14/01/2020', 1, 2020, 200000),
(779, '202027', '14/01/2020', 1, 2020, 200000),
(780, '202028', '14/01/2020', 1, 2020, 200000),
(781, '0001', '14/02/2020', 2, 2020, 200000),
(782, '0002', '14/02/2020', 2, 2020, 200000),
(783, '0003', '14/02/2020', 2, 2020, 200000),
(784, '0004', '14/02/2020', 2, 2020, 200000),
(785, '0005', '14/02/2020', 2, 2020, 200000),
(786, '0007', '14/02/2020', 2, 2020, 200000),
(787, '0008', '14/02/2020', 2, 2020, 200000),
(788, '0009', '14/02/2020', 2, 2020, 200000),
(789, '0010', '14/02/2020', 2, 2020, 200000),
(790, '0011', '14/02/2020', 2, 2020, 200000),
(791, '0012', '14/02/2020', 2, 2020, 200000),
(792, '0013', '14/02/2020', 2, 2020, 200000),
(793, '0014', '14/02/2020', 2, 2020, 200000),
(794, '0015', '14/02/2020', 2, 2020, 200000),
(795, '0016', '14/02/2020', 2, 2020, 200000),
(796, '0018', '14/02/2020', 2, 2020, 200000),
(797, '0019', '14/02/2020', 2, 2020, 200000),
(798, '0021', '14/02/2020', 2, 2020, 200000),
(799, '0022', '14/02/2020', 2, 2020, 200000),
(800, '0023', '14/02/2020', 2, 2020, 200000),
(801, '0024', '14/02/2020', 2, 2020, 200000),
(802, '0025', '14/02/2020', 2, 2020, 200000),
(803, '0027', '14/02/2020', 2, 2020, 200000),
(804, '0028', '14/02/2020', 2, 2020, 200000),
(805, '0029', '14/02/2020', 2, 2020, 200000),
(806, '0030', '14/02/2020', 2, 2020, 200000),
(807, '0031', '14/02/2020', 2, 2020, 200000),
(808, '0032', '14/02/2020', 2, 2020, 200000),
(809, '0033', '14/02/2020', 2, 2020, 200000),
(810, '0034', '14/02/2020', 2, 2020, 200000),
(811, '0035', '14/02/2020', 2, 2020, 200000),
(812, '0036', '14/02/2020', 2, 2020, 200000),
(813, '0037', '14/02/2020', 2, 2020, 200000),
(814, '0038', '14/02/2020', 2, 2020, 200000),
(815, '0039', '14/02/2020', 2, 2020, 200000),
(816, '0040', '14/02/2020', 2, 2020, 200000),
(817, '0041', '14/02/2020', 2, 2020, 200000),
(818, '0042', '14/02/2020', 2, 2020, 200000),
(819, '0043', '14/02/2020', 2, 2020, 200000),
(820, '0044', '14/02/2020', 2, 2020, 200000),
(821, '0045', '14/02/2020', 2, 2020, 200000),
(822, '0046', '14/02/2020', 2, 2020, 200000),
(823, '0047', '14/02/2020', 2, 2020, 200000),
(824, '0048', '14/02/2020', 2, 2020, 200000),
(825, '0049', '14/02/2020', 2, 2020, 200000),
(826, '0051', '14/02/2020', 2, 2020, 200000),
(827, '0052', '14/02/2020', 2, 2020, 200000),
(828, '0053', '14/02/2020', 2, 2020, 200000),
(829, '0054', '14/02/2020', 2, 2020, 200000),
(830, '0056', '14/02/2020', 2, 2020, 200000),
(831, '0057', '14/02/2020', 2, 2020, 200000),
(832, '0058', '14/02/2020', 2, 2020, 200000),
(833, '0059', '14/02/2020', 2, 2020, 200000),
(834, '0060', '14/02/2020', 2, 2020, 200000),
(835, '0061', '14/02/2020', 2, 2020, 200000),
(836, '0062', '14/02/2020', 2, 2020, 200000),
(837, '0063', '14/02/2020', 2, 2020, 200000),
(838, '0064', '14/02/2020', 2, 2020, 200000),
(839, '0065', '14/02/2020', 2, 2020, 200000),
(840, '0066', '14/02/2020', 2, 2020, 200000),
(841, '0067', '14/02/2020', 2, 2020, 200000),
(842, '0068', '14/02/2020', 2, 2020, 200000),
(843, '0069', '14/02/2020', 2, 2020, 200000),
(844, '0070', '14/02/2020', 2, 2020, 200000),
(845, '0071', '14/02/2020', 2, 2020, 200000),
(846, '0072', '14/02/2020', 2, 2020, 200000),
(847, '0073', '14/02/2020', 2, 2020, 200000),
(848, '0074', '14/02/2020', 2, 2020, 200000),
(849, '0075', '14/02/2020', 2, 2020, 200000),
(850, '0076', '14/02/2020', 2, 2020, 200000),
(851, '0077', '14/02/2020', 2, 2020, 200000),
(852, '0078', '14/02/2020', 2, 2020, 200000),
(853, '0079', '14/02/2020', 2, 2020, 200000),
(854, '0080', '14/02/2020', 2, 2020, 200000),
(855, '0081', '14/02/2020', 2, 2020, 200000),
(856, '0082', '14/02/2020', 2, 2020, 200000),
(857, '0083', '14/02/2020', 2, 2020, 200000),
(858, '0084', '14/02/2020', 2, 2020, 200000),
(859, '0085', '14/02/2020', 2, 2020, 200000),
(860, '0086', '14/02/2020', 2, 2020, 200000),
(861, '0087', '14/02/2020', 2, 2020, 200000),
(862, '0088', '14/02/2020', 2, 2020, 200000),
(863, '0089', '14/02/2020', 2, 2020, 200000),
(864, '0090', '14/02/2020', 2, 2020, 200000),
(865, '0091', '14/02/2020', 2, 2020, 200000),
(866, '0092', '14/02/2020', 2, 2020, 200000),
(867, '0093', '14/02/2020', 2, 2020, 200000),
(868, '0094', '14/02/2020', 2, 2020, 200000),
(869, '0095', '14/02/2020', 2, 2020, 200000),
(870, '0096', '14/02/2020', 2, 2020, 200000),
(871, '0097', '14/02/2020', 2, 2020, 200000),
(872, '0098', '14/02/2020', 2, 2020, 200000),
(873, '0099', '14/02/2020', 2, 2020, 200000),
(874, '0100', '14/02/2020', 2, 2020, 200000),
(875, '0101', '14/02/2020', 2, 2020, 200000),
(876, '0102', '14/02/2020', 2, 2020, 200000),
(877, '0103', '14/02/2020', 2, 2020, 200000),
(878, '0104', '14/02/2020', 2, 2020, 200000),
(879, '0105', '14/02/2020', 2, 2020, 200000),
(880, '0106', '14/02/2020', 2, 2020, 200000),
(881, '0107', '14/02/2020', 2, 2020, 200000),
(882, '0108', '14/02/2020', 2, 2020, 200000),
(883, '0109', '14/02/2020', 2, 2020, 200000),
(884, '0110', '14/02/2020', 2, 2020, 200000),
(885, '0111', '14/02/2020', 2, 2020, 200000),
(886, '0112', '14/02/2020', 2, 2020, 200000),
(887, '0113', '14/02/2020', 2, 2020, 200000),
(888, '0114', '14/02/2020', 2, 2020, 200000),
(889, '0115', '14/02/2020', 2, 2020, 200000),
(890, '0116', '14/02/2020', 2, 2020, 200000),
(891, '0117', '14/02/2020', 2, 2020, 200000),
(892, '0118', '14/02/2020', 2, 2020, 200000),
(893, '0119', '14/02/2020', 2, 2020, 200000),
(894, '0120', '14/02/2020', 2, 2020, 200000),
(895, '0121', '14/02/2020', 2, 2020, 200000),
(896, '202001', '14/02/2020', 2, 2020, 200000),
(897, '202002', '14/02/2020', 2, 2020, 200000),
(898, '202003', '14/02/2020', 2, 2020, 200000),
(899, '202004', '14/02/2020', 2, 2020, 200000),
(900, '202005', '14/02/2020', 2, 2020, 200000),
(901, '202006', '14/02/2020', 2, 2020, 200000),
(902, '202007', '14/02/2020', 2, 2020, 200000),
(903, '202008', '14/02/2020', 2, 2020, 200000),
(904, '202009', '14/02/2020', 2, 2020, 200000),
(905, '202010', '14/02/2020', 2, 2020, 200000),
(906, '202011', '14/02/2020', 2, 2020, 200000),
(907, '202012', '14/02/2020', 2, 2020, 200000),
(908, '202013', '14/02/2020', 2, 2020, 200000),
(909, '202014', '14/02/2020', 2, 2020, 200000),
(910, '202015', '14/02/2020', 2, 2020, 200000),
(911, '202016', '14/02/2020', 2, 2020, 200000),
(912, '202017', '14/02/2020', 2, 2020, 200000),
(913, '202018', '14/02/2020', 2, 2020, 200000),
(914, '202019', '14/02/2020', 2, 2020, 200000),
(915, '202020', '14/02/2020', 2, 2020, 200000),
(916, '202021', '14/02/2020', 2, 2020, 200000),
(917, '202022', '14/02/2020', 2, 2020, 200000),
(918, '202023', '14/02/2020', 2, 2020, 200000),
(919, '202024', '14/02/2020', 2, 2020, 200000),
(920, '202025', '14/02/2020', 2, 2020, 200000),
(921, '202026', '14/02/2020', 2, 2020, 200000),
(922, '202027', '14/02/2020', 2, 2020, 200000),
(923, '202028', '14/02/2020', 2, 2020, 200000),
(924, '0001', '14/03/2020', 3, 2020, 200000),
(925, '0002', '14/03/2020', 3, 2020, 200000),
(926, '0003', '14/03/2020', 3, 2020, 200000),
(927, '0004', '14/03/2020', 3, 2020, 200000),
(928, '0005', '14/03/2020', 3, 2020, 200000),
(929, '0007', '14/03/2020', 3, 2020, 200000),
(930, '0008', '14/03/2020', 3, 2020, 200000),
(931, '0009', '14/03/2020', 3, 2020, 200000),
(932, '0010', '14/03/2020', 3, 2020, 200000),
(933, '0011', '14/03/2020', 3, 2020, 200000),
(934, '0012', '14/03/2020', 3, 2020, 200000),
(935, '0013', '14/03/2020', 3, 2020, 200000),
(936, '0014', '14/03/2020', 3, 2020, 200000),
(937, '0015', '14/03/2020', 3, 2020, 200000),
(938, '0016', '14/03/2020', 3, 2020, 200000),
(939, '0018', '14/03/2020', 3, 2020, 200000),
(940, '0019', '14/03/2020', 3, 2020, 200000),
(941, '0021', '14/03/2020', 3, 2020, 200000),
(942, '0022', '14/03/2020', 3, 2020, 200000),
(943, '0023', '14/03/2020', 3, 2020, 200000),
(944, '0024', '14/03/2020', 3, 2020, 200000),
(945, '0025', '14/03/2020', 3, 2020, 200000),
(946, '0027', '14/03/2020', 3, 2020, 200000),
(947, '0028', '14/03/2020', 3, 2020, 200000),
(948, '0029', '14/03/2020', 3, 2020, 200000),
(949, '0030', '14/03/2020', 3, 2020, 200000),
(950, '0031', '14/03/2020', 3, 2020, 200000),
(951, '0032', '14/03/2020', 3, 2020, 200000),
(952, '0033', '14/03/2020', 3, 2020, 200000),
(953, '0034', '14/03/2020', 3, 2020, 200000),
(954, '0035', '14/03/2020', 3, 2020, 200000),
(955, '0036', '14/03/2020', 3, 2020, 200000),
(956, '0037', '14/03/2020', 3, 2020, 200000),
(957, '0038', '14/03/2020', 3, 2020, 200000),
(958, '0039', '14/03/2020', 3, 2020, 200000),
(959, '0040', '14/03/2020', 3, 2020, 200000),
(960, '0041', '14/03/2020', 3, 2020, 200000),
(961, '0042', '14/03/2020', 3, 2020, 200000),
(962, '0043', '14/03/2020', 3, 2020, 200000),
(963, '0044', '14/03/2020', 3, 2020, 200000),
(964, '0045', '14/03/2020', 3, 2020, 200000),
(965, '0046', '14/03/2020', 3, 2020, 200000),
(966, '0047', '14/03/2020', 3, 2020, 200000),
(967, '0048', '14/03/2020', 3, 2020, 200000),
(968, '0049', '14/03/2020', 3, 2020, 200000),
(969, '0051', '14/03/2020', 3, 2020, 200000),
(970, '0052', '14/03/2020', 3, 2020, 200000),
(971, '0053', '14/03/2020', 3, 2020, 200000),
(972, '0054', '14/03/2020', 3, 2020, 200000),
(973, '0056', '14/03/2020', 3, 2020, 200000),
(974, '0057', '14/03/2020', 3, 2020, 200000),
(975, '0058', '14/03/2020', 3, 2020, 200000),
(976, '0059', '14/03/2020', 3, 2020, 200000),
(977, '0060', '14/03/2020', 3, 2020, 200000),
(978, '0061', '14/03/2020', 3, 2020, 200000),
(979, '0062', '14/03/2020', 3, 2020, 200000),
(980, '0063', '14/03/2020', 3, 2020, 200000),
(981, '0064', '14/03/2020', 3, 2020, 200000),
(982, '0065', '14/03/2020', 3, 2020, 200000),
(983, '0066', '14/03/2020', 3, 2020, 200000),
(984, '0067', '14/03/2020', 3, 2020, 200000),
(985, '0068', '14/03/2020', 3, 2020, 200000),
(986, '0069', '14/03/2020', 3, 2020, 200000),
(987, '0070', '14/03/2020', 3, 2020, 200000),
(988, '0071', '14/03/2020', 3, 2020, 200000),
(989, '0072', '14/03/2020', 3, 2020, 200000),
(990, '0073', '14/03/2020', 3, 2020, 200000),
(991, '0074', '14/03/2020', 3, 2020, 200000),
(992, '0075', '14/03/2020', 3, 2020, 200000),
(993, '0076', '14/03/2020', 3, 2020, 200000),
(994, '0077', '14/03/2020', 3, 2020, 200000),
(995, '0078', '14/03/2020', 3, 2020, 200000),
(996, '0079', '14/03/2020', 3, 2020, 200000),
(997, '0080', '14/03/2020', 3, 2020, 200000),
(998, '0081', '14/03/2020', 3, 2020, 200000),
(999, '0082', '14/03/2020', 3, 2020, 200000),
(1000, '0083', '14/03/2020', 3, 2020, 200000),
(1001, '0084', '14/03/2020', 3, 2020, 200000),
(1002, '0085', '14/03/2020', 3, 2020, 200000),
(1003, '0086', '14/03/2020', 3, 2020, 200000),
(1004, '0087', '14/03/2020', 3, 2020, 200000),
(1005, '0088', '14/03/2020', 3, 2020, 200000),
(1006, '0089', '14/03/2020', 3, 2020, 200000),
(1007, '0090', '14/03/2020', 3, 2020, 200000),
(1008, '0091', '14/03/2020', 3, 2020, 200000),
(1009, '0092', '14/03/2020', 3, 2020, 200000),
(1010, '0093', '14/03/2020', 3, 2020, 200000),
(1011, '0094', '14/03/2020', 3, 2020, 200000),
(1012, '0095', '14/03/2020', 3, 2020, 200000),
(1013, '0096', '14/03/2020', 3, 2020, 200000),
(1014, '0097', '14/03/2020', 3, 2020, 200000),
(1015, '0098', '14/03/2020', 3, 2020, 200000),
(1016, '0099', '14/03/2020', 3, 2020, 200000),
(1017, '0100', '14/03/2020', 3, 2020, 200000),
(1018, '0101', '14/03/2020', 3, 2020, 200000),
(1019, '0102', '14/03/2020', 3, 2020, 200000),
(1020, '0103', '14/03/2020', 3, 2020, 200000),
(1021, '0104', '14/03/2020', 3, 2020, 200000),
(1022, '0105', '14/03/2020', 3, 2020, 200000),
(1023, '0106', '14/03/2020', 3, 2020, 200000),
(1024, '0107', '14/03/2020', 3, 2020, 200000),
(1025, '0108', '14/03/2020', 3, 2020, 200000),
(1026, '0109', '14/03/2020', 3, 2020, 200000),
(1027, '0110', '14/03/2020', 3, 2020, 200000),
(1028, '0111', '14/03/2020', 3, 2020, 200000),
(1029, '0112', '14/03/2020', 3, 2020, 200000),
(1030, '0113', '14/03/2020', 3, 2020, 200000),
(1031, '0114', '14/03/2020', 3, 2020, 200000),
(1032, '0115', '14/03/2020', 3, 2020, 200000),
(1033, '0116', '14/03/2020', 3, 2020, 200000),
(1034, '0117', '14/03/2020', 3, 2020, 200000),
(1035, '0118', '14/03/2020', 3, 2020, 200000),
(1036, '0119', '14/03/2020', 3, 2020, 200000),
(1037, '0120', '14/03/2020', 3, 2020, 200000),
(1038, '0121', '14/03/2020', 3, 2020, 200000),
(1039, '202001', '14/03/2020', 3, 2020, 200000),
(1040, '202002', '14/03/2020', 3, 2020, 200000),
(1041, '202003', '14/03/2020', 3, 2020, 200000),
(1042, '202004', '14/03/2020', 3, 2020, 200000),
(1043, '202005', '14/03/2020', 3, 2020, 200000),
(1044, '202006', '14/03/2020', 3, 2020, 200000),
(1045, '202007', '14/03/2020', 3, 2020, 200000),
(1046, '202008', '14/03/2020', 3, 2020, 200000),
(1047, '202009', '14/03/2020', 3, 2020, 200000),
(1048, '202010', '14/03/2020', 3, 2020, 200000),
(1049, '202011', '14/03/2020', 3, 2020, 200000),
(1050, '202012', '14/03/2020', 3, 2020, 200000),
(1051, '202013', '14/03/2020', 3, 2020, 200000),
(1052, '202014', '14/03/2020', 3, 2020, 200000),
(1053, '202015', '14/03/2020', 3, 2020, 200000),
(1054, '202016', '14/03/2020', 3, 2020, 200000),
(1055, '202017', '14/03/2020', 3, 2020, 200000),
(1056, '202018', '14/03/2020', 3, 2020, 200000),
(1057, '202019', '14/03/2020', 3, 2020, 200000),
(1058, '202020', '14/03/2020', 3, 2020, 200000),
(1059, '202021', '14/03/2020', 3, 2020, 200000),
(1060, '202022', '14/03/2020', 3, 2020, 200000),
(1061, '202023', '14/03/2020', 3, 2020, 200000),
(1062, '202024', '14/03/2020', 3, 2020, 200000),
(1063, '202025', '14/03/2020', 3, 2020, 200000),
(1064, '202026', '14/03/2020', 3, 2020, 200000),
(1065, '202027', '14/03/2020', 3, 2020, 200000),
(1066, '202028', '14/03/2020', 3, 2020, 200000),
(1067, '0001', '14/04/2020', 4, 2020, 200000),
(1068, '0002', '14/04/2020', 4, 2020, 200000),
(1069, '0003', '14/04/2020', 4, 2020, 200000),
(1070, '0004', '14/04/2020', 4, 2020, 200000),
(1071, '0005', '14/04/2020', 4, 2020, 200000),
(1072, '0007', '14/04/2020', 4, 2020, 200000),
(1073, '0008', '14/04/2020', 4, 2020, 200000),
(1074, '0009', '14/04/2020', 4, 2020, 200000),
(1075, '0010', '14/04/2020', 4, 2020, 200000),
(1076, '0011', '14/04/2020', 4, 2020, 200000),
(1077, '0012', '14/04/2020', 4, 2020, 200000),
(1078, '0013', '14/04/2020', 4, 2020, 200000),
(1079, '0014', '14/04/2020', 4, 2020, 200000),
(1080, '0015', '14/04/2020', 4, 2020, 200000),
(1081, '0016', '14/04/2020', 4, 2020, 200000),
(1082, '0018', '14/04/2020', 4, 2020, 200000),
(1083, '0019', '14/04/2020', 4, 2020, 200000),
(1084, '0021', '14/04/2020', 4, 2020, 200000),
(1085, '0022', '14/04/2020', 4, 2020, 200000),
(1086, '0023', '14/04/2020', 4, 2020, 200000),
(1087, '0024', '14/04/2020', 4, 2020, 200000),
(1088, '0025', '14/04/2020', 4, 2020, 200000),
(1089, '0027', '14/04/2020', 4, 2020, 200000),
(1090, '0028', '14/04/2020', 4, 2020, 200000),
(1091, '0029', '14/04/2020', 4, 2020, 200000),
(1092, '0030', '14/04/2020', 4, 2020, 200000),
(1093, '0031', '14/04/2020', 4, 2020, 200000),
(1094, '0032', '14/04/2020', 4, 2020, 200000),
(1095, '0033', '14/04/2020', 4, 2020, 200000),
(1096, '0034', '14/04/2020', 4, 2020, 200000),
(1097, '0035', '14/04/2020', 4, 2020, 200000),
(1098, '0036', '14/04/2020', 4, 2020, 200000),
(1099, '0037', '14/04/2020', 4, 2020, 200000),
(1100, '0038', '14/04/2020', 4, 2020, 200000),
(1101, '0039', '14/04/2020', 4, 2020, 200000),
(1102, '0040', '14/04/2020', 4, 2020, 200000),
(1103, '0041', '14/04/2020', 4, 2020, 200000),
(1104, '0042', '14/04/2020', 4, 2020, 200000),
(1105, '0043', '14/04/2020', 4, 2020, 200000),
(1106, '0044', '14/04/2020', 4, 2020, 200000),
(1107, '0045', '14/04/2020', 4, 2020, 200000),
(1108, '0046', '14/04/2020', 4, 2020, 200000),
(1109, '0047', '14/04/2020', 4, 2020, 200000),
(1110, '0048', '14/04/2020', 4, 2020, 200000),
(1111, '0049', '14/04/2020', 4, 2020, 200000),
(1112, '0051', '14/04/2020', 4, 2020, 200000),
(1113, '0052', '14/04/2020', 4, 2020, 200000),
(1114, '0053', '14/04/2020', 4, 2020, 200000),
(1115, '0054', '14/04/2020', 4, 2020, 200000),
(1116, '0056', '14/04/2020', 4, 2020, 200000),
(1117, '0057', '14/04/2020', 4, 2020, 200000),
(1118, '0058', '14/04/2020', 4, 2020, 200000),
(1119, '0059', '14/04/2020', 4, 2020, 200000),
(1120, '0060', '14/04/2020', 4, 2020, 200000),
(1121, '0061', '14/04/2020', 4, 2020, 200000),
(1122, '0062', '14/04/2020', 4, 2020, 200000),
(1123, '0063', '14/04/2020', 4, 2020, 200000),
(1124, '0064', '14/04/2020', 4, 2020, 200000),
(1125, '0065', '14/04/2020', 4, 2020, 200000),
(1126, '0066', '14/04/2020', 4, 2020, 200000),
(1127, '0067', '14/04/2020', 4, 2020, 200000),
(1128, '0068', '14/04/2020', 4, 2020, 200000),
(1129, '0069', '14/04/2020', 4, 2020, 200000),
(1130, '0070', '14/04/2020', 4, 2020, 200000),
(1131, '0071', '14/04/2020', 4, 2020, 200000),
(1132, '0072', '14/04/2020', 4, 2020, 200000),
(1133, '0073', '14/04/2020', 4, 2020, 200000),
(1134, '0074', '14/04/2020', 4, 2020, 200000),
(1135, '0075', '14/04/2020', 4, 2020, 200000),
(1136, '0076', '14/04/2020', 4, 2020, 200000),
(1137, '0077', '14/04/2020', 4, 2020, 200000),
(1138, '0078', '14/04/2020', 4, 2020, 200000),
(1139, '0079', '14/04/2020', 4, 2020, 200000),
(1140, '0080', '14/04/2020', 4, 2020, 200000),
(1141, '0081', '14/04/2020', 4, 2020, 200000),
(1142, '0082', '14/04/2020', 4, 2020, 200000),
(1143, '0083', '14/04/2020', 4, 2020, 200000),
(1144, '0084', '14/04/2020', 4, 2020, 200000),
(1145, '0085', '14/04/2020', 4, 2020, 200000),
(1146, '0086', '14/04/2020', 4, 2020, 200000),
(1147, '0087', '14/04/2020', 4, 2020, 200000),
(1148, '0088', '14/04/2020', 4, 2020, 200000),
(1149, '0089', '14/04/2020', 4, 2020, 200000),
(1150, '0090', '14/04/2020', 4, 2020, 200000),
(1151, '0091', '14/04/2020', 4, 2020, 200000),
(1152, '0092', '14/04/2020', 4, 2020, 200000),
(1153, '0093', '14/04/2020', 4, 2020, 200000),
(1154, '0094', '14/04/2020', 4, 2020, 200000),
(1155, '0095', '14/04/2020', 4, 2020, 200000),
(1156, '0096', '14/04/2020', 4, 2020, 200000),
(1157, '0097', '14/04/2020', 4, 2020, 200000),
(1158, '0098', '14/04/2020', 4, 2020, 200000),
(1159, '0099', '14/04/2020', 4, 2020, 200000),
(1160, '0100', '14/04/2020', 4, 2020, 200000),
(1161, '0101', '14/04/2020', 4, 2020, 200000),
(1162, '0102', '14/04/2020', 4, 2020, 200000),
(1163, '0103', '14/04/2020', 4, 2020, 200000),
(1164, '0104', '14/04/2020', 4, 2020, 200000),
(1165, '0105', '14/04/2020', 4, 2020, 200000),
(1166, '0106', '14/04/2020', 4, 2020, 200000),
(1167, '0107', '14/04/2020', 4, 2020, 200000),
(1168, '0108', '14/04/2020', 4, 2020, 200000),
(1169, '0109', '14/04/2020', 4, 2020, 200000),
(1170, '0110', '14/04/2020', 4, 2020, 200000),
(1171, '0111', '14/04/2020', 4, 2020, 200000),
(1172, '0112', '14/04/2020', 4, 2020, 200000),
(1173, '0113', '14/04/2020', 4, 2020, 200000),
(1174, '0114', '14/04/2020', 4, 2020, 200000),
(1175, '0115', '14/04/2020', 4, 2020, 200000),
(1176, '0116', '14/04/2020', 4, 2020, 200000),
(1177, '0117', '14/04/2020', 4, 2020, 200000),
(1178, '0118', '14/04/2020', 4, 2020, 200000),
(1179, '0119', '14/04/2020', 4, 2020, 200000),
(1180, '0120', '14/04/2020', 4, 2020, 200000),
(1181, '0121', '14/04/2020', 4, 2020, 200000),
(1182, '202001', '14/04/2020', 4, 2020, 200000),
(1183, '202002', '14/04/2020', 4, 2020, 200000),
(1184, '202003', '14/04/2020', 4, 2020, 200000),
(1185, '202004', '14/04/2020', 4, 2020, 200000),
(1186, '202005', '14/04/2020', 4, 2020, 200000),
(1187, '202006', '14/04/2020', 4, 2020, 200000),
(1188, '202007', '14/04/2020', 4, 2020, 200000),
(1189, '202008', '14/04/2020', 4, 2020, 200000),
(1190, '202009', '14/04/2020', 4, 2020, 200000),
(1191, '202010', '14/04/2020', 4, 2020, 200000),
(1192, '202011', '14/04/2020', 4, 2020, 200000),
(1193, '202012', '14/04/2020', 4, 2020, 200000),
(1194, '202013', '14/04/2020', 4, 2020, 200000),
(1195, '202014', '14/04/2020', 4, 2020, 200000),
(1196, '202015', '14/04/2020', 4, 2020, 200000),
(1197, '202016', '14/04/2020', 4, 2020, 200000),
(1198, '202017', '14/04/2020', 4, 2020, 200000),
(1199, '202018', '14/04/2020', 4, 2020, 200000),
(1200, '202019', '14/04/2020', 4, 2020, 200000),
(1201, '202020', '14/04/2020', 4, 2020, 200000),
(1202, '202021', '14/04/2020', 4, 2020, 200000),
(1203, '202022', '14/04/2020', 4, 2020, 200000),
(1204, '202023', '14/04/2020', 4, 2020, 200000),
(1205, '202024', '14/04/2020', 4, 2020, 200000),
(1206, '202025', '14/04/2020', 4, 2020, 200000),
(1207, '202026', '14/04/2020', 4, 2020, 200000),
(1208, '202027', '14/04/2020', 4, 2020, 200000),
(1209, '202028', '14/04/2020', 4, 2020, 200000),
(1210, '0001', '14/05/2020', 5, 2020, 200000),
(1211, '0002', '14/05/2020', 5, 2020, 200000),
(1212, '0003', '14/05/2020', 5, 2020, 200000),
(1213, '0004', '14/05/2020', 5, 2020, 200000),
(1214, '0005', '14/05/2020', 5, 2020, 200000),
(1215, '0007', '14/05/2020', 5, 2020, 200000),
(1216, '0008', '14/05/2020', 5, 2020, 200000),
(1217, '0009', '14/05/2020', 5, 2020, 200000),
(1218, '0011', '14/05/2020', 5, 2020, 200000),
(1219, '0012', '14/05/2020', 5, 2020, 200000),
(1220, '0013', '14/05/2020', 5, 2020, 200000),
(1221, '0014', '14/05/2020', 5, 2020, 200000),
(1222, '0015', '14/05/2020', 5, 2020, 200000),
(1223, '0016', '14/05/2020', 5, 2020, 200000),
(1224, '0018', '14/05/2020', 5, 2020, 200000),
(1225, '0019', '14/05/2020', 5, 2020, 200000),
(1226, '0021', '14/05/2020', 5, 2020, 200000),
(1227, '0022', '14/05/2020', 5, 2020, 200000),
(1228, '0023', '14/05/2020', 5, 2020, 200000),
(1229, '0024', '14/05/2020', 5, 2020, 200000),
(1230, '0025', '14/05/2020', 5, 2020, 200000),
(1231, '0027', '14/05/2020', 5, 2020, 200000),
(1232, '0028', '14/05/2020', 5, 2020, 200000),
(1233, '0029', '14/05/2020', 5, 2020, 200000),
(1234, '0030', '14/05/2020', 5, 2020, 200000),
(1235, '0032', '14/05/2020', 5, 2020, 200000),
(1236, '0033', '14/05/2020', 5, 2020, 200000),
(1237, '0034', '14/05/2020', 5, 2020, 200000),
(1238, '0035', '14/05/2020', 5, 2020, 200000),
(1239, '0036', '14/05/2020', 5, 2020, 200000),
(1240, '0037', '14/05/2020', 5, 2020, 200000),
(1241, '0038', '14/05/2020', 5, 2020, 200000),
(1242, '0039', '14/05/2020', 5, 2020, 200000),
(1243, '0040', '14/05/2020', 5, 2020, 200000),
(1244, '0041', '14/05/2020', 5, 2020, 200000),
(1245, '0042', '14/05/2020', 5, 2020, 200000),
(1246, '0043', '14/05/2020', 5, 2020, 200000),
(1247, '0044', '14/05/2020', 5, 2020, 200000),
(1248, '0045', '14/05/2020', 5, 2020, 200000),
(1249, '0046', '14/05/2020', 5, 2020, 200000),
(1250, '0047', '14/05/2020', 5, 2020, 200000),
(1251, '0048', '14/05/2020', 5, 2020, 200000),
(1252, '0049', '14/05/2020', 5, 2020, 200000),
(1253, '0051', '14/05/2020', 5, 2020, 200000),
(1254, '0052', '14/05/2020', 5, 2020, 200000),
(1255, '0053', '14/05/2020', 5, 2020, 200000),
(1256, '0056', '14/05/2020', 5, 2020, 200000),
(1257, '0057', '14/05/2020', 5, 2020, 200000),
(1258, '0058', '14/05/2020', 5, 2020, 200000),
(1259, '0059', '14/05/2020', 5, 2020, 200000),
(1260, '0060', '14/05/2020', 5, 2020, 200000),
(1261, '0061', '14/05/2020', 5, 2020, 200000),
(1262, '0062', '14/05/2020', 5, 2020, 200000),
(1263, '0063', '14/05/2020', 5, 2020, 200000),
(1264, '0064', '14/05/2020', 5, 2020, 200000),
(1265, '0066', '14/05/2020', 5, 2020, 200000),
(1266, '0067', '14/05/2020', 5, 2020, 200000),
(1267, '0068', '14/05/2020', 5, 2020, 200000),
(1268, '0069', '14/05/2020', 5, 2020, 200000),
(1269, '0070', '14/05/2020', 5, 2020, 200000),
(1270, '0071', '14/05/2020', 5, 2020, 200000),
(1271, '0073', '14/05/2020', 5, 2020, 200000),
(1272, '0074', '14/05/2020', 5, 2020, 200000),
(1273, '0075', '14/05/2020', 5, 2020, 200000),
(1274, '0076', '14/05/2020', 5, 2020, 200000),
(1275, '0077', '14/05/2020', 5, 2020, 200000),
(1276, '0078', '14/05/2020', 5, 2020, 200000),
(1277, '0079', '14/05/2020', 5, 2020, 200000),
(1278, '0080', '14/05/2020', 5, 2020, 200000),
(1279, '0081', '14/05/2020', 5, 2020, 200000),
(1280, '0082', '14/05/2020', 5, 2020, 200000),
(1281, '0083', '14/05/2020', 5, 2020, 200000),
(1282, '0084', '14/05/2020', 5, 2020, 200000),
(1283, '0085', '14/05/2020', 5, 2020, 200000),
(1284, '0086', '14/05/2020', 5, 2020, 200000),
(1285, '0087', '14/05/2020', 5, 2020, 200000),
(1286, '0088', '14/05/2020', 5, 2020, 200000),
(1287, '0090', '14/05/2020', 5, 2020, 200000),
(1288, '0091', '14/05/2020', 5, 2020, 200000),
(1289, '0092', '14/05/2020', 5, 2020, 200000),
(1290, '0093', '14/05/2020', 5, 2020, 200000),
(1291, '0094', '14/05/2020', 5, 2020, 200000),
(1292, '0095', '14/05/2020', 5, 2020, 200000),
(1293, '0096', '14/05/2020', 5, 2020, 200000),
(1294, '0097', '14/05/2020', 5, 2020, 200000),
(1295, '0098', '14/05/2020', 5, 2020, 200000),
(1296, '0099', '14/05/2020', 5, 2020, 200000),
(1297, '0103', '14/05/2020', 5, 2020, 200000),
(1298, '0104', '14/05/2020', 5, 2020, 200000);
INSERT INTO `bayar_catering` (`no_bayar_catering`, `NIS`, `tanggal_bayar_catering`, `bulan_catering`, `tahun_catering`, `biaya_catering`) VALUES
(1299, '0105', '14/05/2020', 5, 2020, 200000),
(1300, '0106', '14/05/2020', 5, 2020, 200000),
(1301, '0107', '14/05/2020', 5, 2020, 200000),
(1302, '0108', '14/05/2020', 5, 2020, 200000),
(1303, '0109', '14/05/2020', 5, 2020, 200000),
(1304, '0110', '14/05/2020', 5, 2020, 200000),
(1305, '0111', '14/05/2020', 5, 2020, 200000),
(1306, '0112', '14/05/2020', 5, 2020, 200000),
(1307, '0113', '14/05/2020', 5, 2020, 200000),
(1308, '0114', '14/05/2020', 5, 2020, 200000),
(1309, '0115', '14/05/2020', 5, 2020, 200000),
(1310, '0116', '14/05/2020', 5, 2020, 200000),
(1311, '0117', '14/05/2020', 5, 2020, 200000),
(1312, '0118', '14/05/2020', 5, 2020, 200000),
(1313, '0119', '14/05/2020', 5, 2020, 200000),
(1314, '0120', '14/05/2020', 5, 2020, 200000),
(1315, '0121', '14/05/2020', 5, 2020, 200000),
(1316, '202001', '14/05/2020', 5, 2020, 200000),
(1317, '202002', '14/05/2020', 5, 2020, 200000),
(1318, '202003', '14/05/2020', 5, 2020, 200000),
(1319, '202004', '14/05/2020', 5, 2020, 200000),
(1320, '202005', '14/05/2020', 5, 2020, 200000),
(1321, '202006', '14/05/2020', 5, 2020, 200000),
(1322, '202007', '14/05/2020', 5, 2020, 200000),
(1323, '202008', '14/05/2020', 5, 2020, 200000),
(1324, '202009', '14/05/2020', 5, 2020, 200000),
(1325, '202010', '14/05/2020', 5, 2020, 200000),
(1326, '202011', '14/05/2020', 5, 2020, 200000),
(1327, '202012', '14/05/2020', 5, 2020, 200000),
(1328, '202013', '14/05/2020', 5, 2020, 200000),
(1329, '202014', '14/05/2020', 5, 2020, 200000),
(1330, '202015', '14/05/2020', 5, 2020, 200000),
(1331, '202016', '14/05/2020', 5, 2020, 200000),
(1332, '202017', '14/05/2020', 5, 2020, 200000),
(1333, '202018', '14/05/2020', 5, 2020, 200000),
(1334, '202019', '14/05/2020', 5, 2020, 200000),
(1335, '202020', '14/05/2020', 5, 2020, 200000),
(1336, '202021', '14/05/2020', 5, 2020, 200000),
(1337, '202022', '14/05/2020', 5, 2020, 200000),
(1338, '202023', '14/05/2020', 5, 2020, 200000),
(1339, '202024', '14/05/2020', 5, 2020, 200000),
(1340, '202025', '14/05/2020', 5, 2020, 200000),
(1341, '202026', '14/05/2020', 5, 2020, 200000),
(1342, '202027', '14/05/2020', 5, 2020, 200000),
(1343, '202028', '14/05/2020', 5, 2020, 200000),
(1344, '202001', '19/06/2020', 7, 2020, 275000);

-- --------------------------------------------------------

--
-- Table structure for table `bayar_spp`
--

CREATE TABLE `bayar_spp` (
  `no_bayar_spp` int(11) NOT NULL,
  `NIS` varchar(7) NOT NULL,
  `tanggal_bayar_spp` varchar(11) DEFAULT NULL,
  `bulan_spp` int(2) NOT NULL,
  `tahun_spp` year(4) NOT NULL,
  `jumlah` int(11) NOT NULL
) ENGINE=InnoDB DEFAULT CHARSET=latin1;

--
-- Dumping data for table `bayar_spp`
--

INSERT INTO `bayar_spp` (`no_bayar_spp`, `NIS`, `tanggal_bayar_spp`, `bulan_spp`, `tahun_spp`, `jumlah`) VALUES
(198, '202007', '17/05/2020', 5, 2020, 500000),
(199, '202003', '19/05/2020', 5, 2020, 500000),
(200, '0001', '14/04/2020', 4, 2020, 450000),
(201, '0001', '14/04/2020', 4, 2020, 300000),
(202, '0002', '14/04/2020', 4, 2020, 300000),
(203, '0003', '14/04/2020', 4, 2020, 300000),
(204, '0004', '14/04/2020', 4, 2020, 300000),
(205, '0005', '14/04/2020', 4, 2020, 300000),
(206, '0007', '14/04/2020', 4, 2020, 300000),
(207, '0008', '14/04/2020', 4, 2020, 300000),
(208, '0009', '14/04/2020', 4, 2020, 300000),
(209, '0010', '14/04/2020', 4, 2020, 300000),
(210, '0011', '14/04/2020', 4, 2020, 300000),
(211, '0012', '14/04/2020', 4, 2020, 300000),
(212, '0013', '14/04/2020', 4, 2020, 300000),
(213, '0014', '14/04/2020', 4, 2020, 300000),
(214, '0015', '14/04/2020', 4, 2020, 300000),
(215, '0016', '14/04/2020', 4, 2020, 300000),
(216, '0018', '14/04/2020', 4, 2020, 300000),
(217, '0019', '14/04/2020', 4, 2020, 300000),
(218, '0021', '14/04/2020', 4, 2020, 300000),
(219, '0022', '14/04/2020', 4, 2020, 300000),
(220, '0023', '14/04/2020', 4, 2020, 300000),
(221, '0024', '14/04/2020', 4, 2020, 300000),
(222, '0025', '14/04/2020', 4, 2020, 300000),
(223, '0027', '14/04/2020', 4, 2020, 300000),
(224, '0028', '14/04/2020', 4, 2020, 400000),
(225, '0029', '14/04/2020', 4, 2020, 400000),
(226, '0030', '14/04/2020', 4, 2020, 400000),
(227, '0031', '14/04/2020', 4, 2020, 400000),
(228, '0032', '14/04/2020', 4, 2020, 400000),
(229, '0033', '14/04/2020', 4, 2020, 400000),
(230, '0034', '14/04/2020', 4, 2020, 400000),
(231, '0035', '14/04/2020', 4, 2020, 400000),
(232, '0036', '14/04/2020', 4, 2020, 400000),
(233, '0037', '14/04/2020', 4, 2020, 400000),
(234, '0038', '14/04/2020', 4, 2020, 400000),
(235, '0039', '14/04/2020', 4, 2020, 400000),
(236, '0040', '14/04/2020', 4, 2020, 400000),
(237, '0041', '14/04/2020', 4, 2020, 400000),
(238, '0042', '14/04/2020', 4, 2020, 400000),
(239, '0043', '14/04/2020', 4, 2020, 400000),
(240, '0044', '14/04/2020', 4, 2020, 400000),
(241, '0045', '14/04/2020', 4, 2020, 400000),
(242, '0046', '14/04/2020', 4, 2020, 400000),
(243, '0047', '14/04/2020', 4, 2020, 400000),
(244, '0077', '14/04/2020', 4, 2020, 450000),
(245, '0078', '14/04/2020', 4, 2020, 450000),
(246, '0079', '14/04/2020', 4, 2020, 450000),
(247, '0080', '14/04/2020', 4, 2020, 450000),
(248, '0081', '14/04/2020', 4, 2020, 450000),
(249, '0082', '14/04/2020', 4, 2020, 450000),
(250, '0083', '14/04/2020', 4, 2020, 450000),
(251, '0084', '14/04/2020', 4, 2020, 450000),
(252, '0085', '14/04/2020', 4, 2020, 450000),
(253, '0086', '14/04/2020', 4, 2020, 450000),
(254, '0087', '14/04/2020', 4, 2020, 450000),
(255, '0088', '14/04/2020', 4, 2020, 450000),
(256, '0001', '14/05/2020', 5, 2020, 300000),
(257, '0002', '14/05/2020', 5, 2020, 300000),
(258, '0003', '14/05/2020', 5, 2020, 300000),
(259, '0004', '14/05/2020', 5, 2020, 300000),
(260, '0005', '14/05/2020', 5, 2020, 300000),
(261, '0007', '14/05/2020', 5, 2020, 300000),
(262, '0008', '14/05/2020', 5, 2020, 300000),
(263, '0009', '14/05/2020', 5, 2020, 300000),
(264, '0010', '14/05/2020', 5, 2020, 300000),
(265, '0011', '14/05/2020', 5, 2020, 300000),
(266, '0012', '14/05/2020', 5, 2020, 300000),
(267, '0013', '14/05/2020', 5, 2020, 300000),
(268, '0014', '14/05/2020', 5, 2020, 300000),
(269, '0015', '14/05/2020', 5, 2020, 300000),
(270, '0016', '14/05/2020', 5, 2020, 300000),
(271, '0018', '14/05/2020', 5, 2020, 300000),
(272, '0001', '14/06/2020', 6, 2020, 300000),
(273, '0002', '14/06/2020', 6, 2020, 300000),
(274, '0003', '14/06/2020', 6, 2020, 300000),
(275, '0004', '14/06/2020', 6, 2020, 300000),
(276, '0005', '14/06/2020', 6, 2020, 300000),
(277, '0007', '14/06/2020', 6, 2020, 300000),
(278, '0008', '14/06/2020', 6, 2020, 300000),
(279, '0009', '14/06/2020', 6, 2020, 300000),
(280, '0010', '14/06/2020', 6, 2020, 300000),
(281, '0011', '14/06/2020', 6, 2020, 300000),
(282, '0012', '14/06/2020', 6, 2020, 300000),
(283, '0013', '14/06/2020', 6, 2020, 300000),
(284, '0014', '14/06/2020', 6, 2020, 300000),
(285, '0015', '14/06/2020', 6, 2020, 300000),
(286, '0016', '14/06/2020', 6, 2020, 300000),
(287, '0018', '14/06/2020', 6, 2020, 300000),
(288, '0019', '14/06/2020', 6, 2020, 300000),
(289, '0021', '14/06/2020', 6, 2020, 300000),
(290, '0022', '14/06/2020', 6, 2020, 300000),
(291, '0023', '14/06/2020', 6, 2020, 300000),
(292, '0024', '14/06/2020', 6, 2020, 300000),
(293, '0025', '14/06/2020', 6, 2020, 300000),
(294, '0027', '14/06/2020', 6, 2020, 300000),
(295, '0028', '14/06/2020', 6, 2020, 400000),
(296, '0029', '14/06/2020', 6, 2020, 400000),
(297, '0030', '14/06/2020', 6, 2020, 400000),
(298, '0031', '14/06/2020', 6, 2020, 400000),
(299, '0032', '14/06/2020', 6, 2020, 400000),
(300, '0033', '14/06/2020', 6, 2020, 400000),
(301, '0034', '14/06/2020', 6, 2020, 400000),
(302, '0035', '14/06/2020', 6, 2020, 400000),
(303, '0036', '14/06/2020', 6, 2020, 400000),
(304, '0037', '14/06/2020', 6, 2020, 400000),
(305, '0038', '14/06/2020', 6, 2020, 400000),
(306, '0039', '14/06/2020', 6, 2020, 400000),
(307, '0040', '14/06/2020', 6, 2020, 400000),
(308, '0041', '14/06/2020', 6, 2020, 400000),
(309, '0042', '14/06/2020', 6, 2020, 400000),
(310, '0043', '14/06/2020', 6, 2020, 400000),
(311, '0044', '14/06/2020', 6, 2020, 400000),
(312, '0045', '14/06/2020', 6, 2020, 400000),
(313, '0046', '14/06/2020', 6, 2020, 400000),
(314, '0047', '14/06/2020', 6, 2020, 400000),
(315, '0077', '14/06/2020', 6, 2020, 450000),
(316, '0078', '14/06/2020', 6, 2020, 450000),
(317, '0079', '14/06/2020', 6, 2020, 450000),
(318, '0080', '14/06/2020', 6, 2020, 450000),
(319, '0081', '14/06/2020', 6, 2020, 450000),
(320, '0082', '14/06/2020', 6, 2020, 450000),
(321, '0083', '14/06/2020', 6, 2020, 450000),
(322, '0084', '14/06/2020', 6, 2020, 450000),
(323, '0085', '14/06/2020', 6, 2020, 450000),
(324, '0086', '14/06/2020', 6, 2020, 450000),
(325, '0087', '14/06/2020', 6, 2020, 450000),
(326, '0088', '14/06/2020', 6, 2020, 450000),
(327, '0001', '14/06/2020', 6, 2020, 300000),
(328, '0002', '14/06/2020', 6, 2020, 300000),
(329, '0003', '14/06/2020', 6, 2020, 300000),
(330, '0004', '14/06/2020', 6, 2020, 300000),
(331, '0005', '14/06/2020', 6, 2020, 300000),
(332, '0007', '14/06/2020', 6, 2020, 300000),
(333, '0008', '14/06/2020', 6, 2020, 300000),
(334, '0009', '14/06/2020', 6, 2020, 300000),
(335, '0010', '14/06/2020', 6, 2020, 300000),
(336, '0011', '14/06/2020', 6, 2020, 300000),
(337, '0012', '14/06/2020', 6, 2020, 300000),
(338, '0013', '14/06/2020', 6, 2020, 300000),
(339, '0014', '14/06/2020', 6, 2020, 300000),
(340, '0015', '14/06/2020', 6, 2020, 300000),
(341, '0016', '14/06/2020', 6, 2020, 300000),
(342, '0018', '14/06/2020', 6, 2020, 300000),
(343, '0019', '14/06/2020', 6, 2020, 300000),
(344, '0021', '14/06/2020', 6, 2020, 300000),
(345, '0022', '14/06/2020', 6, 2020, 300000),
(346, '0023', '14/06/2020', 6, 2020, 300000),
(347, '0024', '14/06/2020', 6, 2020, 300000),
(348, '0025', '14/06/2020', 6, 2020, 300000),
(349, '0027', '14/06/2020', 6, 2020, 300000),
(350, '0028', '14/06/2020', 6, 2020, 400000),
(351, '0029', '14/06/2020', 6, 2020, 400000),
(352, '0030', '14/06/2020', 6, 2020, 400000),
(353, '0031', '14/06/2020', 6, 2020, 400000),
(354, '0032', '14/06/2020', 6, 2020, 400000),
(355, '0033', '14/06/2020', 6, 2020, 400000),
(356, '0034', '14/06/2020', 6, 2020, 400000),
(357, '0035', '14/06/2020', 6, 2020, 400000),
(358, '0036', '14/06/2020', 6, 2020, 400000),
(359, '0037', '14/06/2020', 6, 2020, 400000),
(360, '0038', '14/06/2020', 6, 2020, 400000),
(361, '0039', '14/06/2020', 6, 2020, 400000),
(362, '0040', '14/06/2020', 6, 2020, 400000),
(363, '0041', '14/06/2020', 6, 2020, 400000),
(364, '0042', '14/06/2020', 6, 2020, 400000),
(365, '0043', '14/06/2020', 6, 2020, 400000),
(366, '0044', '14/06/2020', 6, 2020, 400000),
(367, '0045', '14/06/2020', 6, 2020, 400000),
(368, '0046', '14/06/2020', 6, 2020, 400000),
(369, '0047', '14/06/2020', 6, 2020, 400000),
(370, '0048', '14/06/2020', 6, 2020, 400000),
(371, '0049', '14/06/2020', 6, 2020, 400000),
(372, '0051', '14/06/2020', 6, 2020, 400000),
(373, '0052', '14/06/2020', 6, 2020, 400000),
(374, '0053', '14/06/2020', 6, 2020, 400000),
(375, '0054', '14/06/2020', 6, 2020, 400000),
(376, '0056', '14/06/2020', 6, 2020, 400000),
(377, '0057', '14/06/2020', 6, 2020, 400000),
(378, '0058', '14/06/2020', 6, 2020, 400000),
(379, '0059', '14/06/2020', 6, 2020, 400000),
(380, '0060', '14/06/2020', 6, 2020, 400000),
(381, '0061', '14/06/2020', 6, 2020, 400000),
(382, '0062', '14/06/2020', 6, 2020, 400000),
(383, '0063', '14/06/2020', 6, 2020, 400000),
(384, '0064', '14/06/2020', 6, 2020, 400000),
(385, '0065', '14/06/2020', 6, 2020, 400000),
(386, '0066', '14/06/2020', 6, 2020, 400000),
(387, '0067', '14/06/2020', 6, 2020, 400000),
(388, '0068', '14/06/2020', 6, 2020, 300000),
(389, '0069', '14/06/2020', 6, 2020, 450000),
(390, '0070', '14/06/2020', 6, 2020, 450000),
(391, '0071', '14/06/2020', 6, 2020, 450000),
(392, '0072', '14/06/2020', 6, 2020, 450000),
(393, '0073', '14/06/2020', 6, 2020, 450000),
(394, '0074', '14/06/2020', 6, 2020, 450000),
(395, '0075', '14/06/2020', 6, 2020, 450000),
(396, '0076', '14/06/2020', 6, 2020, 450000),
(397, '0077', '14/06/2020', 6, 2020, 450000),
(398, '0078', '14/06/2020', 6, 2020, 450000),
(399, '0079', '14/06/2020', 6, 2020, 450000),
(400, '0080', '14/06/2020', 6, 2020, 450000),
(401, '0081', '14/06/2020', 6, 2020, 450000),
(402, '0082', '14/06/2020', 6, 2020, 450000),
(403, '0083', '14/06/2020', 6, 2020, 450000),
(404, '0084', '14/06/2020', 6, 2020, 450000),
(405, '0085', '14/06/2020', 6, 2020, 450000),
(406, '0086', '14/06/2020', 6, 2020, 450000),
(407, '0087', '14/06/2020', 6, 2020, 450000),
(408, '0088', '14/06/2020', 6, 2020, 450000),
(409, '0089', '14/06/2020', 6, 2020, 450000),
(410, '0090', '14/06/2020', 6, 2020, 450000),
(411, '0091', '14/06/2020', 6, 2020, 450000),
(412, '0092', '14/06/2020', 6, 2020, 450000),
(413, '0093', '14/06/2020', 6, 2020, 450000),
(414, '0094', '14/06/2020', 6, 2020, 450000),
(415, '0095', '14/06/2020', 6, 2020, 450000),
(416, '0096', '14/06/2020', 6, 2020, 450000),
(417, '0097', '14/06/2020', 6, 2020, 450000),
(418, '0098', '14/06/2020', 6, 2020, 450000),
(419, '0099', '14/06/2020', 6, 2020, 450000),
(420, '0100', '14/06/2020', 6, 2020, 450000),
(421, '0101', '14/06/2020', 6, 2020, 450000),
(422, '0102', '14/06/2020', 6, 2020, 450000),
(423, '0103', '14/06/2020', 6, 2020, 450000),
(424, '0104', '14/06/2020', 6, 2020, 450000),
(425, '0105', '14/06/2020', 6, 2020, 450000),
(426, '0106', '14/06/2020', 6, 2020, 450000),
(427, '0107', '14/06/2020', 6, 2020, 450000),
(428, '0108', '14/06/2020', 6, 2020, 450000),
(429, '0109', '14/06/2020', 6, 2020, 450000),
(430, '0110', '14/06/2020', 6, 2020, 450000),
(431, '0111', '14/06/2020', 6, 2020, 450000),
(432, '0112', '14/06/2020', 6, 2020, 450000),
(433, '0113', '14/06/2020', 6, 2020, 450000),
(434, '0114', '14/06/2020', 6, 2020, 450000),
(435, '0115', '14/06/2020', 6, 2020, 450000),
(436, '0116', '14/06/2020', 6, 2020, 450000),
(437, '0117', '14/06/2020', 6, 2020, 450000),
(438, '0118', '14/06/2020', 6, 2020, 450000),
(439, '0119', '14/06/2020', 6, 2020, 450000),
(440, '0120', '14/06/2020', 6, 2020, 450000),
(441, '0121', '14/06/2020', 6, 2020, 450000),
(442, '202001', '14/06/2020', 6, 2020, 500000),
(443, '202002', '14/06/2020', 6, 2020, 500000),
(444, '202003', '14/06/2020', 6, 2020, 500000),
(445, '202004', '14/06/2020', 6, 2020, 500000),
(446, '202005', '14/06/2020', 6, 2020, 500000),
(447, '202006', '14/06/2020', 6, 2020, 500000),
(448, '202007', '14/06/2020', 6, 2020, 500000),
(449, '202008', '14/06/2020', 6, 2020, 500000),
(450, '202009', '14/06/2020', 6, 2020, 500000),
(451, '202010', '14/06/2020', 6, 2020, 500000),
(452, '202011', '14/06/2020', 6, 2020, 500000),
(453, '202012', '14/06/2020', 6, 2020, 500000),
(454, '202013', '14/06/2020', 6, 2020, 500000),
(455, '202014', '14/06/2020', 6, 2020, 500000),
(456, '202015', '14/06/2020', 6, 2020, 500000),
(457, '202016', '14/06/2020', 6, 2020, 500000),
(458, '202017', '14/06/2020', 6, 2020, 500000),
(459, '202018', '14/06/2020', 6, 2020, 500000),
(460, '202019', '14/06/2020', 6, 2020, 500000),
(461, '202020', '14/06/2020', 6, 2020, 500000),
(462, '202021', '14/06/2020', 6, 2020, 500000),
(463, '202022', '14/06/2020', 6, 2020, 500000),
(464, '202023', '14/06/2020', 6, 2020, 500000),
(465, '202024', '14/06/2020', 6, 2020, 500000),
(466, '202025', '14/06/2020', 6, 2020, 500000),
(467, '202026', '14/06/2020', 6, 2020, 500000),
(468, '202027', '14/06/2020', 6, 2020, 500000),
(469, '202028', '14/06/2020', 6, 2020, 500000),
(470, '0001', '14/01/2020', 1, 2020, 300000),
(471, '0002', '14/01/2020', 1, 2020, 300000),
(472, '0003', '14/01/2020', 1, 2020, 300000),
(473, '0004', '14/01/2020', 1, 2020, 300000),
(474, '0005', '14/01/2020', 1, 2020, 300000),
(475, '0007', '14/01/2020', 1, 2020, 300000),
(476, '0008', '14/01/2020', 1, 2020, 300000),
(477, '0009', '14/01/2020', 1, 2020, 300000),
(478, '0010', '14/01/2020', 1, 2020, 300000),
(479, '0011', '14/01/2020', 1, 2020, 300000),
(480, '0012', '14/01/2020', 1, 2020, 300000),
(481, '0013', '14/01/2020', 1, 2020, 300000),
(482, '0014', '14/01/2020', 1, 2020, 300000),
(483, '0015', '14/01/2020', 1, 2020, 300000),
(484, '0016', '14/01/2020', 1, 2020, 300000),
(485, '0018', '14/01/2020', 1, 2020, 300000),
(486, '0019', '14/01/2020', 1, 2020, 300000),
(487, '0021', '14/01/2020', 1, 2020, 300000),
(488, '0022', '14/01/2020', 1, 2020, 300000),
(489, '0023', '14/01/2020', 1, 2020, 300000),
(490, '0024', '14/01/2020', 1, 2020, 300000),
(491, '0025', '14/01/2020', 1, 2020, 300000),
(492, '0027', '14/01/2020', 1, 2020, 300000),
(493, '0028', '14/01/2020', 1, 2020, 400000),
(494, '0029', '14/01/2020', 1, 2020, 400000),
(495, '0030', '14/01/2020', 1, 2020, 400000),
(496, '0031', '14/01/2020', 1, 2020, 400000),
(497, '0032', '14/01/2020', 1, 2020, 400000),
(498, '0033', '14/01/2020', 1, 2020, 400000),
(499, '0034', '14/01/2020', 1, 2020, 400000),
(500, '0035', '14/01/2020', 1, 2020, 400000),
(501, '0036', '14/01/2020', 1, 2020, 400000),
(502, '0037', '14/01/2020', 1, 2020, 400000),
(503, '0038', '14/01/2020', 1, 2020, 400000),
(504, '0039', '14/01/2020', 1, 2020, 400000),
(505, '0040', '14/01/2020', 1, 2020, 400000),
(506, '0041', '14/01/2020', 1, 2020, 400000),
(507, '0042', '14/01/2020', 1, 2020, 400000),
(508, '0043', '14/01/2020', 1, 2020, 400000),
(509, '0044', '14/01/2020', 1, 2020, 400000),
(510, '0045', '14/01/2020', 1, 2020, 400000),
(511, '0046', '14/01/2020', 1, 2020, 400000),
(512, '0047', '14/01/2020', 1, 2020, 400000),
(513, '0048', '14/01/2020', 1, 2020, 400000),
(514, '0049', '14/01/2020', 1, 2020, 400000),
(515, '0051', '14/01/2020', 1, 2020, 400000),
(516, '0052', '14/01/2020', 1, 2020, 400000),
(517, '0053', '14/01/2020', 1, 2020, 400000),
(518, '0054', '14/01/2020', 1, 2020, 400000),
(519, '0056', '14/01/2020', 1, 2020, 400000),
(520, '0057', '14/01/2020', 1, 2020, 400000),
(521, '0058', '14/01/2020', 1, 2020, 400000),
(522, '0059', '14/01/2020', 1, 2020, 400000),
(523, '0060', '14/01/2020', 1, 2020, 400000),
(524, '0061', '14/01/2020', 1, 2020, 400000),
(525, '0062', '14/01/2020', 1, 2020, 400000),
(526, '0063', '14/01/2020', 1, 2020, 400000),
(527, '0064', '14/01/2020', 1, 2020, 400000),
(528, '0065', '14/01/2020', 1, 2020, 400000),
(529, '0066', '14/01/2020', 1, 2020, 400000),
(530, '0067', '14/01/2020', 1, 2020, 400000),
(531, '0068', '14/01/2020', 1, 2020, 300000),
(532, '0069', '14/01/2020', 1, 2020, 450000),
(533, '0070', '14/01/2020', 1, 2020, 450000),
(534, '0071', '14/01/2020', 1, 2020, 450000),
(535, '0072', '14/01/2020', 1, 2020, 450000),
(536, '0073', '14/01/2020', 1, 2020, 450000),
(537, '0074', '14/01/2020', 1, 2020, 450000),
(538, '0075', '14/01/2020', 1, 2020, 450000),
(539, '0076', '14/01/2020', 1, 2020, 450000),
(540, '0077', '14/01/2020', 1, 2020, 450000),
(541, '0078', '14/01/2020', 1, 2020, 450000),
(542, '0079', '14/01/2020', 1, 2020, 450000),
(543, '0080', '14/01/2020', 1, 2020, 450000),
(544, '0081', '14/01/2020', 1, 2020, 450000),
(545, '0082', '14/01/2020', 1, 2020, 450000),
(546, '0083', '14/01/2020', 1, 2020, 450000),
(547, '0084', '14/01/2020', 1, 2020, 450000),
(548, '0085', '14/01/2020', 1, 2020, 450000),
(549, '0086', '14/01/2020', 1, 2020, 450000),
(550, '0087', '14/01/2020', 1, 2020, 450000),
(551, '0088', '14/01/2020', 1, 2020, 450000),
(552, '0089', '14/01/2020', 1, 2020, 450000),
(553, '0090', '14/01/2020', 1, 2020, 450000),
(554, '0091', '14/01/2020', 1, 2020, 450000),
(555, '0092', '14/01/2020', 1, 2020, 450000),
(556, '0093', '14/01/2020', 1, 2020, 450000),
(557, '0094', '14/01/2020', 1, 2020, 450000),
(558, '0095', '14/01/2020', 1, 2020, 450000),
(559, '0096', '14/01/2020', 1, 2020, 450000),
(560, '0097', '14/01/2020', 1, 2020, 450000),
(561, '0098', '14/01/2020', 1, 2020, 450000),
(562, '0099', '14/01/2020', 1, 2020, 450000),
(563, '0100', '14/01/2020', 1, 2020, 450000),
(564, '0101', '14/01/2020', 1, 2020, 450000),
(565, '0102', '14/01/2020', 1, 2020, 450000),
(566, '0103', '14/01/2020', 1, 2020, 450000),
(567, '0104', '14/01/2020', 1, 2020, 450000),
(568, '0105', '14/01/2020', 1, 2020, 450000),
(569, '0106', '14/01/2020', 1, 2020, 450000),
(570, '0107', '14/01/2020', 1, 2020, 450000),
(571, '0108', '14/01/2020', 1, 2020, 450000),
(572, '0109', '14/01/2020', 1, 2020, 450000),
(573, '0110', '14/01/2020', 1, 2020, 450000),
(574, '0111', '14/01/2020', 1, 2020, 450000),
(575, '0112', '14/01/2020', 1, 2020, 450000),
(576, '0113', '14/01/2020', 1, 2020, 450000),
(577, '0114', '14/01/2020', 1, 2020, 450000),
(578, '0115', '14/01/2020', 1, 2020, 450000),
(579, '0116', '14/01/2020', 1, 2020, 450000),
(580, '0117', '14/01/2020', 1, 2020, 450000),
(581, '0118', '14/01/2020', 1, 2020, 450000),
(582, '0119', '14/01/2020', 1, 2020, 450000),
(583, '0120', '14/01/2020', 1, 2020, 450000),
(584, '0121', '14/01/2020', 1, 2020, 450000),
(585, '202001', '14/01/2020', 1, 2020, 500000),
(586, '202002', '14/01/2020', 1, 2020, 500000),
(587, '202003', '14/01/2020', 1, 2020, 500000),
(588, '202004', '14/01/2020', 1, 2020, 500000),
(589, '202005', '14/01/2020', 1, 2020, 500000),
(590, '202006', '14/01/2020', 1, 2020, 500000),
(591, '202007', '14/01/2020', 1, 2020, 500000),
(592, '202008', '14/01/2020', 1, 2020, 500000),
(593, '202009', '14/01/2020', 1, 2020, 500000),
(594, '202010', '14/01/2020', 1, 2020, 500000),
(595, '202011', '14/01/2020', 1, 2020, 500000),
(596, '202012', '14/01/2020', 1, 2020, 500000),
(597, '202013', '14/01/2020', 1, 2020, 500000),
(598, '202014', '14/01/2020', 1, 2020, 500000),
(599, '202015', '14/01/2020', 1, 2020, 500000),
(600, '202016', '14/01/2020', 1, 2020, 500000),
(601, '202017', '14/01/2020', 1, 2020, 500000),
(602, '202018', '14/01/2020', 1, 2020, 500000),
(603, '202019', '14/01/2020', 1, 2020, 500000),
(604, '202020', '14/01/2020', 1, 2020, 500000),
(605, '202021', '14/01/2020', 1, 2020, 500000),
(606, '202022', '14/01/2020', 1, 2020, 500000),
(607, '202023', '14/01/2020', 1, 2020, 500000),
(608, '202024', '14/01/2020', 1, 2020, 500000),
(609, '202025', '14/01/2020', 1, 2020, 500000),
(610, '202026', '14/01/2020', 1, 2020, 500000),
(611, '202027', '14/01/2020', 1, 2020, 500000),
(612, '202028', '14/01/2020', 1, 2020, 500000),
(613, '0001', '14/02/2020', 2, 2020, 300000),
(614, '0002', '14/02/2020', 2, 2020, 300000),
(615, '0003', '14/02/2020', 2, 2020, 300000),
(616, '0004', '14/02/2020', 2, 2020, 300000),
(617, '0005', '14/02/2020', 2, 2020, 300000),
(618, '0007', '14/02/2020', 2, 2020, 300000),
(619, '0008', '14/02/2020', 2, 2020, 300000),
(620, '0009', '14/02/2020', 2, 2020, 300000),
(621, '0010', '14/02/2020', 2, 2020, 300000),
(622, '0011', '14/02/2020', 2, 2020, 300000),
(623, '0012', '14/02/2020', 2, 2020, 300000),
(624, '0013', '14/02/2020', 2, 2020, 300000),
(625, '0014', '14/02/2020', 2, 2020, 300000),
(626, '0015', '14/02/2020', 2, 2020, 300000),
(627, '0016', '14/02/2020', 2, 2020, 300000),
(628, '0018', '14/02/2020', 2, 2020, 300000),
(629, '0019', '14/02/2020', 2, 2020, 300000),
(630, '0021', '14/02/2020', 2, 2020, 300000),
(631, '0022', '14/02/2020', 2, 2020, 300000),
(632, '0023', '14/02/2020', 2, 2020, 300000),
(633, '0024', '14/02/2020', 2, 2020, 300000),
(634, '0025', '14/02/2020', 2, 2020, 300000),
(635, '0027', '14/02/2020', 2, 2020, 300000),
(636, '0028', '14/02/2020', 2, 2020, 400000),
(637, '0029', '14/02/2020', 2, 2020, 400000),
(638, '0030', '14/02/2020', 2, 2020, 400000),
(639, '0031', '14/02/2020', 2, 2020, 400000),
(640, '0032', '14/02/2020', 2, 2020, 400000),
(641, '0033', '14/02/2020', 2, 2020, 400000),
(642, '0034', '14/02/2020', 2, 2020, 400000),
(643, '0035', '14/02/2020', 2, 2020, 400000),
(644, '0036', '14/02/2020', 2, 2020, 400000),
(645, '0037', '14/02/2020', 2, 2020, 400000),
(646, '0038', '14/02/2020', 2, 2020, 400000),
(647, '0039', '14/02/2020', 2, 2020, 400000),
(648, '0040', '14/02/2020', 2, 2020, 400000),
(649, '0041', '14/02/2020', 2, 2020, 400000),
(650, '0042', '14/02/2020', 2, 2020, 400000),
(651, '0043', '14/02/2020', 2, 2020, 400000),
(652, '0044', '14/02/2020', 2, 2020, 400000),
(653, '0045', '14/02/2020', 2, 2020, 400000),
(654, '0046', '14/02/2020', 2, 2020, 400000),
(655, '0047', '14/02/2020', 2, 2020, 400000),
(656, '0048', '14/02/2020', 2, 2020, 400000),
(657, '0049', '14/02/2020', 2, 2020, 400000),
(658, '0051', '14/02/2020', 2, 2020, 400000),
(659, '0052', '14/02/2020', 2, 2020, 400000),
(660, '0053', '14/02/2020', 2, 2020, 400000),
(661, '0054', '14/02/2020', 2, 2020, 400000),
(662, '0056', '14/02/2020', 2, 2020, 400000),
(663, '0057', '14/02/2020', 2, 2020, 400000),
(664, '0058', '14/02/2020', 2, 2020, 400000),
(665, '0059', '14/02/2020', 2, 2020, 400000),
(666, '0060', '14/02/2020', 2, 2020, 400000),
(667, '0061', '14/02/2020', 2, 2020, 400000),
(668, '0062', '14/02/2020', 2, 2020, 400000),
(669, '0063', '14/02/2020', 2, 2020, 400000),
(670, '0064', '14/02/2020', 2, 2020, 400000),
(671, '0065', '14/02/2020', 2, 2020, 400000),
(672, '0066', '14/02/2020', 2, 2020, 400000),
(673, '0067', '14/02/2020', 2, 2020, 400000),
(674, '0068', '14/02/2020', 2, 2020, 300000),
(675, '0069', '14/02/2020', 2, 2020, 450000),
(676, '0070', '14/02/2020', 2, 2020, 450000),
(677, '0071', '14/02/2020', 2, 2020, 450000),
(678, '0072', '14/02/2020', 2, 2020, 450000),
(679, '0073', '14/02/2020', 2, 2020, 450000),
(680, '0074', '14/02/2020', 2, 2020, 450000),
(681, '0075', '14/02/2020', 2, 2020, 450000),
(682, '0076', '14/02/2020', 2, 2020, 450000),
(683, '0077', '14/02/2020', 2, 2020, 450000),
(684, '0078', '14/02/2020', 2, 2020, 450000),
(685, '0079', '14/02/2020', 2, 2020, 450000),
(686, '0080', '14/02/2020', 2, 2020, 450000),
(687, '0081', '14/02/2020', 2, 2020, 450000),
(688, '0082', '14/02/2020', 2, 2020, 450000),
(689, '0083', '14/02/2020', 2, 2020, 450000),
(690, '0084', '14/02/2020', 2, 2020, 450000),
(691, '0085', '14/02/2020', 2, 2020, 450000),
(692, '0086', '14/02/2020', 2, 2020, 450000),
(693, '0087', '14/02/2020', 2, 2020, 450000),
(694, '0088', '14/02/2020', 2, 2020, 450000),
(695, '0089', '14/02/2020', 2, 2020, 450000),
(696, '0090', '14/02/2020', 2, 2020, 450000),
(697, '0091', '14/02/2020', 2, 2020, 450000),
(698, '0092', '14/02/2020', 2, 2020, 450000),
(699, '0093', '14/02/2020', 2, 2020, 450000),
(700, '0094', '14/02/2020', 2, 2020, 450000),
(701, '0095', '14/02/2020', 2, 2020, 450000),
(702, '0096', '14/02/2020', 2, 2020, 450000),
(703, '0097', '14/02/2020', 2, 2020, 450000),
(704, '0098', '14/02/2020', 2, 2020, 450000),
(705, '0099', '14/02/2020', 2, 2020, 450000),
(706, '0100', '14/02/2020', 2, 2020, 450000),
(707, '0101', '14/02/2020', 2, 2020, 450000),
(708, '0102', '14/02/2020', 2, 2020, 450000),
(709, '0103', '14/02/2020', 2, 2020, 450000),
(710, '0104', '14/02/2020', 2, 2020, 450000),
(711, '0105', '14/02/2020', 2, 2020, 450000),
(712, '0106', '14/02/2020', 2, 2020, 450000),
(713, '0107', '14/02/2020', 2, 2020, 450000),
(714, '0108', '14/02/2020', 2, 2020, 450000),
(715, '0109', '14/02/2020', 2, 2020, 450000),
(716, '0110', '14/02/2020', 2, 2020, 450000),
(717, '0111', '14/02/2020', 2, 2020, 450000),
(718, '0112', '14/02/2020', 2, 2020, 450000),
(719, '0113', '14/02/2020', 2, 2020, 450000),
(720, '0114', '14/02/2020', 2, 2020, 450000),
(721, '0115', '14/02/2020', 2, 2020, 450000),
(722, '0116', '14/02/2020', 2, 2020, 450000),
(723, '0117', '14/02/2020', 2, 2020, 450000),
(724, '0118', '14/02/2020', 2, 2020, 450000),
(725, '0119', '14/02/2020', 2, 2020, 450000),
(726, '0120', '14/02/2020', 2, 2020, 450000),
(727, '0121', '14/02/2020', 2, 2020, 450000),
(728, '202001', '14/02/2020', 2, 2020, 500000),
(729, '202002', '14/02/2020', 2, 2020, 500000),
(730, '202003', '14/02/2020', 2, 2020, 500000),
(731, '202004', '14/02/2020', 2, 2020, 500000),
(732, '202005', '14/02/2020', 2, 2020, 500000),
(733, '202006', '14/02/2020', 2, 2020, 500000),
(734, '202007', '14/02/2020', 2, 2020, 500000),
(735, '202008', '14/02/2020', 2, 2020, 500000),
(736, '202009', '14/02/2020', 2, 2020, 500000),
(737, '202010', '14/02/2020', 2, 2020, 500000),
(738, '202011', '14/02/2020', 2, 2020, 500000),
(739, '202012', '14/02/2020', 2, 2020, 500000),
(740, '202013', '14/02/2020', 2, 2020, 500000),
(741, '202014', '14/02/2020', 2, 2020, 500000),
(742, '202015', '14/02/2020', 2, 2020, 500000),
(743, '202016', '14/02/2020', 2, 2020, 500000),
(744, '202017', '14/02/2020', 2, 2020, 500000),
(745, '202018', '14/02/2020', 2, 2020, 500000),
(746, '202019', '14/02/2020', 2, 2020, 500000),
(747, '202020', '14/02/2020', 2, 2020, 500000),
(748, '202021', '14/02/2020', 2, 2020, 500000),
(749, '202022', '14/02/2020', 2, 2020, 500000),
(750, '202023', '14/02/2020', 2, 2020, 500000),
(751, '202024', '14/02/2020', 2, 2020, 500000),
(752, '202025', '14/02/2020', 2, 2020, 500000),
(753, '202026', '14/02/2020', 2, 2020, 500000),
(754, '202027', '14/02/2020', 2, 2020, 500000),
(755, '202028', '14/02/2020', 2, 2020, 500000),
(756, '0001', '14/03/2020', 3, 2020, 300000),
(757, '0002', '14/03/2020', 3, 2020, 300000),
(758, '0003', '14/03/2020', 3, 2020, 300000),
(759, '0004', '14/03/2020', 3, 2020, 300000),
(760, '0005', '14/03/2020', 3, 2020, 300000),
(761, '0007', '14/03/2020', 3, 2020, 300000),
(762, '0008', '14/03/2020', 3, 2020, 300000),
(763, '0009', '14/03/2020', 3, 2020, 300000),
(764, '0010', '14/03/2020', 3, 2020, 300000),
(765, '0011', '14/03/2020', 3, 2020, 300000),
(766, '0012', '14/03/2020', 3, 2020, 300000),
(767, '0013', '14/03/2020', 3, 2020, 300000),
(768, '0014', '14/03/2020', 3, 2020, 300000),
(769, '0015', '14/03/2020', 3, 2020, 300000),
(770, '0016', '14/03/2020', 3, 2020, 300000),
(771, '0018', '14/03/2020', 3, 2020, 300000),
(772, '0019', '14/03/2020', 3, 2020, 300000),
(773, '0021', '14/03/2020', 3, 2020, 300000),
(774, '0022', '14/03/2020', 3, 2020, 300000),
(775, '0023', '14/03/2020', 3, 2020, 300000),
(776, '0024', '14/03/2020', 3, 2020, 300000),
(777, '0025', '14/03/2020', 3, 2020, 300000),
(778, '0027', '14/03/2020', 3, 2020, 300000),
(779, '0028', '14/03/2020', 3, 2020, 400000),
(780, '0029', '14/03/2020', 3, 2020, 400000),
(781, '0030', '14/03/2020', 3, 2020, 400000),
(782, '0031', '14/03/2020', 3, 2020, 400000),
(783, '0032', '14/03/2020', 3, 2020, 400000),
(784, '0033', '14/03/2020', 3, 2020, 400000),
(785, '0034', '14/03/2020', 3, 2020, 400000),
(786, '0035', '14/03/2020', 3, 2020, 400000),
(787, '0036', '14/03/2020', 3, 2020, 400000),
(788, '0037', '14/03/2020', 3, 2020, 400000),
(789, '0038', '14/03/2020', 3, 2020, 400000),
(790, '0039', '14/03/2020', 3, 2020, 400000),
(791, '0040', '14/03/2020', 3, 2020, 400000),
(792, '0041', '14/03/2020', 3, 2020, 400000),
(793, '0042', '14/03/2020', 3, 2020, 400000),
(794, '0043', '14/03/2020', 3, 2020, 400000),
(795, '0044', '14/03/2020', 3, 2020, 400000),
(796, '0045', '14/03/2020', 3, 2020, 400000),
(797, '0046', '14/03/2020', 3, 2020, 400000),
(798, '0047', '14/03/2020', 3, 2020, 400000),
(799, '0048', '14/03/2020', 3, 2020, 400000),
(800, '0049', '14/03/2020', 3, 2020, 400000),
(801, '0051', '14/03/2020', 3, 2020, 400000),
(802, '0052', '14/03/2020', 3, 2020, 400000),
(803, '0053', '14/03/2020', 3, 2020, 400000),
(804, '0054', '14/03/2020', 3, 2020, 400000),
(805, '0056', '14/03/2020', 3, 2020, 400000),
(806, '0057', '14/03/2020', 3, 2020, 400000),
(807, '0058', '14/03/2020', 3, 2020, 400000),
(808, '0059', '14/03/2020', 3, 2020, 400000),
(809, '0060', '14/03/2020', 3, 2020, 400000),
(810, '0061', '14/03/2020', 3, 2020, 400000),
(811, '0062', '14/03/2020', 3, 2020, 400000),
(812, '0063', '14/03/2020', 3, 2020, 400000),
(813, '0064', '14/03/2020', 3, 2020, 400000),
(814, '0065', '14/03/2020', 3, 2020, 400000),
(815, '0066', '14/03/2020', 3, 2020, 400000),
(816, '0067', '14/03/2020', 3, 2020, 400000),
(817, '0068', '14/03/2020', 3, 2020, 300000),
(818, '0069', '14/03/2020', 3, 2020, 450000),
(819, '0070', '14/03/2020', 3, 2020, 450000),
(820, '0071', '14/03/2020', 3, 2020, 450000),
(821, '0072', '14/03/2020', 3, 2020, 450000),
(822, '0073', '14/03/2020', 3, 2020, 450000),
(823, '0074', '14/03/2020', 3, 2020, 450000),
(824, '0075', '14/03/2020', 3, 2020, 450000),
(825, '0076', '14/03/2020', 3, 2020, 450000),
(826, '0077', '14/03/2020', 3, 2020, 450000),
(827, '0078', '14/03/2020', 3, 2020, 450000),
(828, '0079', '14/03/2020', 3, 2020, 450000),
(829, '0080', '14/03/2020', 3, 2020, 450000),
(830, '0081', '14/03/2020', 3, 2020, 450000),
(831, '0082', '14/03/2020', 3, 2020, 450000),
(832, '0083', '14/03/2020', 3, 2020, 450000),
(833, '0084', '14/03/2020', 3, 2020, 450000),
(834, '0085', '14/03/2020', 3, 2020, 450000),
(835, '0086', '14/03/2020', 3, 2020, 450000),
(836, '0087', '14/03/2020', 3, 2020, 450000),
(837, '0088', '14/03/2020', 3, 2020, 450000),
(838, '0089', '14/03/2020', 3, 2020, 450000),
(839, '0090', '14/03/2020', 3, 2020, 450000),
(840, '0091', '14/03/2020', 3, 2020, 450000),
(841, '0092', '14/03/2020', 3, 2020, 450000),
(842, '0093', '14/03/2020', 3, 2020, 450000),
(843, '0094', '14/03/2020', 3, 2020, 450000),
(844, '0095', '14/03/2020', 3, 2020, 450000),
(845, '0096', '14/03/2020', 3, 2020, 450000),
(846, '0097', '14/03/2020', 3, 2020, 450000),
(847, '0098', '14/03/2020', 3, 2020, 450000),
(848, '0099', '14/03/2020', 3, 2020, 450000),
(849, '0100', '14/03/2020', 3, 2020, 450000),
(850, '0101', '14/03/2020', 3, 2020, 450000),
(851, '0102', '14/03/2020', 3, 2020, 450000),
(852, '0103', '14/03/2020', 3, 2020, 450000),
(853, '0104', '14/03/2020', 3, 2020, 450000),
(854, '0105', '14/03/2020', 3, 2020, 450000),
(855, '0106', '14/03/2020', 3, 2020, 450000),
(856, '0107', '14/03/2020', 3, 2020, 450000),
(857, '0108', '14/03/2020', 3, 2020, 450000),
(858, '0109', '14/03/2020', 3, 2020, 450000),
(859, '0110', '14/03/2020', 3, 2020, 450000),
(860, '0111', '14/03/2020', 3, 2020, 450000),
(861, '0112', '14/03/2020', 3, 2020, 450000),
(862, '0113', '14/03/2020', 3, 2020, 450000),
(863, '0114', '14/03/2020', 3, 2020, 450000),
(864, '0115', '14/03/2020', 3, 2020, 450000),
(865, '0116', '14/03/2020', 3, 2020, 450000),
(866, '0117', '14/03/2020', 3, 2020, 450000),
(867, '0118', '14/03/2020', 3, 2020, 450000),
(868, '0119', '14/03/2020', 3, 2020, 450000),
(869, '0120', '14/03/2020', 3, 2020, 450000),
(870, '0121', '14/03/2020', 3, 2020, 450000),
(871, '202001', '14/03/2020', 3, 2020, 500000),
(872, '202002', '14/03/2020', 3, 2020, 500000),
(873, '202003', '14/03/2020', 3, 2020, 500000),
(874, '202004', '14/03/2020', 3, 2020, 500000),
(875, '202005', '14/03/2020', 3, 2020, 500000),
(876, '202006', '14/03/2020', 3, 2020, 500000),
(877, '202007', '14/03/2020', 3, 2020, 500000),
(878, '202008', '14/03/2020', 3, 2020, 500000),
(879, '202009', '14/03/2020', 3, 2020, 500000),
(880, '202010', '14/03/2020', 3, 2020, 500000),
(881, '202011', '14/03/2020', 3, 2020, 500000),
(882, '202012', '14/03/2020', 3, 2020, 500000),
(883, '202013', '14/03/2020', 3, 2020, 500000),
(884, '202014', '14/03/2020', 3, 2020, 500000),
(885, '202015', '14/03/2020', 3, 2020, 500000),
(886, '202016', '14/03/2020', 3, 2020, 500000),
(887, '202017', '14/03/2020', 3, 2020, 500000),
(888, '202018', '14/03/2020', 3, 2020, 500000),
(889, '202019', '14/03/2020', 3, 2020, 500000),
(890, '202020', '14/03/2020', 3, 2020, 500000),
(891, '202021', '14/03/2020', 3, 2020, 500000),
(892, '202022', '14/03/2020', 3, 2020, 500000),
(893, '202023', '14/03/2020', 3, 2020, 500000),
(894, '202024', '14/03/2020', 3, 2020, 500000),
(895, '202025', '14/03/2020', 3, 2020, 500000),
(896, '202026', '14/03/2020', 3, 2020, 500000),
(897, '202027', '14/03/2020', 3, 2020, 500000),
(898, '202028', '14/03/2020', 3, 2020, 500000),
(1042, '0001', '14/12/2019', 12, 2019, 300000),
(1043, '0002', '14/12/2019', 12, 2019, 300000),
(1044, '0003', '14/12/2019', 12, 2019, 300000),
(1045, '0004', '14/12/2019', 12, 2019, 300000),
(1046, '0005', '14/12/2019', 12, 2019, 300000),
(1047, '0007', '14/12/2019', 12, 2019, 300000),
(1048, '0008', '14/12/2019', 12, 2019, 300000),
(1049, '0009', '14/12/2019', 12, 2019, 300000),
(1050, '0010', '14/12/2019', 12, 2019, 300000),
(1051, '0011', '14/12/2019', 12, 2019, 300000),
(1052, '0012', '14/12/2019', 12, 2019, 300000),
(1053, '0013', '14/12/2019', 12, 2019, 300000),
(1054, '0014', '14/12/2019', 12, 2019, 300000),
(1055, '0015', '14/12/2019', 12, 2019, 300000),
(1056, '0016', '14/12/2019', 12, 2019, 300000),
(1057, '0018', '14/12/2019', 12, 2019, 300000),
(1058, '0019', '14/12/2019', 12, 2019, 300000),
(1059, '0021', '14/12/2019', 12, 2019, 300000),
(1060, '0022', '14/12/2019', 12, 2019, 300000),
(1061, '0023', '14/12/2019', 12, 2019, 300000),
(1062, '0024', '14/12/2019', 12, 2019, 300000),
(1063, '0025', '14/12/2019', 12, 2019, 300000),
(1064, '0027', '14/12/2019', 12, 2019, 300000),
(1065, '0028', '14/12/2019', 12, 2019, 400000),
(1066, '0029', '14/12/2019', 12, 2019, 400000),
(1067, '0030', '14/12/2019', 12, 2019, 400000),
(1068, '0031', '14/12/2019', 12, 2019, 400000),
(1069, '0032', '14/12/2019', 12, 2019, 400000),
(1070, '0033', '14/12/2019', 12, 2019, 400000),
(1071, '0034', '14/12/2019', 12, 2019, 400000),
(1072, '0035', '14/12/2019', 12, 2019, 400000),
(1073, '0036', '14/12/2019', 12, 2019, 400000),
(1074, '0037', '14/12/2019', 12, 2019, 400000),
(1075, '0038', '14/12/2019', 12, 2019, 400000),
(1076, '0039', '14/12/2019', 12, 2019, 400000),
(1077, '0040', '14/12/2019', 12, 2019, 400000),
(1078, '0041', '14/12/2019', 12, 2019, 400000),
(1079, '0042', '14/12/2019', 12, 2019, 400000),
(1080, '0043', '14/12/2019', 12, 2019, 400000),
(1081, '0044', '14/12/2019', 12, 2019, 400000),
(1082, '0045', '14/12/2019', 12, 2019, 400000),
(1083, '0046', '14/12/2019', 12, 2019, 400000),
(1084, '0047', '14/12/2019', 12, 2019, 400000),
(1085, '0048', '14/12/2019', 12, 2019, 400000),
(1086, '0049', '14/12/2019', 12, 2019, 400000),
(1087, '0051', '14/12/2019', 12, 2019, 400000),
(1088, '0052', '14/12/2019', 12, 2019, 400000),
(1089, '0053', '14/12/2019', 12, 2019, 400000),
(1090, '0054', '14/12/2019', 12, 2019, 400000),
(1091, '0056', '14/12/2019', 12, 2019, 400000),
(1092, '0057', '14/12/2019', 12, 2019, 400000),
(1093, '0058', '14/12/2019', 12, 2019, 400000),
(1094, '0059', '14/12/2019', 12, 2019, 400000),
(1095, '0060', '14/12/2019', 12, 2019, 400000),
(1096, '0061', '14/12/2019', 12, 2019, 400000),
(1097, '0062', '14/12/2019', 12, 2019, 400000),
(1098, '0063', '14/12/2019', 12, 2019, 400000),
(1099, '0064', '14/12/2019', 12, 2019, 400000),
(1100, '0065', '14/12/2019', 12, 2019, 400000),
(1101, '0066', '14/12/2019', 12, 2019, 400000),
(1102, '0067', '14/12/2019', 12, 2019, 400000),
(1103, '0068', '14/12/2019', 12, 2019, 300000),
(1104, '0069', '14/12/2019', 12, 2019, 450000),
(1105, '0070', '14/12/2019', 12, 2019, 450000),
(1106, '0071', '14/12/2019', 12, 2019, 450000),
(1107, '0072', '14/12/2019', 12, 2019, 450000),
(1108, '0073', '14/12/2019', 12, 2019, 450000),
(1109, '0074', '14/12/2019', 12, 2019, 450000),
(1110, '0075', '14/12/2019', 12, 2019, 450000),
(1111, '0076', '14/12/2019', 12, 2019, 450000),
(1112, '0077', '14/12/2019', 12, 2019, 450000),
(1113, '0078', '14/12/2019', 12, 2019, 450000),
(1114, '0079', '14/12/2019', 12, 2019, 450000),
(1115, '0080', '14/12/2019', 12, 2019, 450000),
(1116, '0081', '14/12/2019', 12, 2019, 450000),
(1117, '0082', '14/12/2019', 12, 2019, 450000),
(1118, '0083', '14/12/2019', 12, 2019, 450000),
(1119, '0084', '14/12/2019', 12, 2019, 450000),
(1120, '0085', '14/12/2019', 12, 2019, 450000),
(1121, '0086', '14/12/2019', 12, 2019, 450000),
(1122, '0087', '14/12/2019', 12, 2019, 450000),
(1123, '0088', '14/12/2019', 12, 2019, 450000),
(1124, '0089', '14/12/2019', 12, 2019, 450000),
(1125, '0090', '14/12/2019', 12, 2019, 450000),
(1126, '0091', '14/12/2019', 12, 2019, 450000),
(1127, '0092', '14/12/2019', 12, 2019, 450000),
(1128, '0093', '14/12/2019', 12, 2019, 450000),
(1129, '0094', '14/12/2019', 12, 2019, 450000),
(1130, '0095', '14/12/2019', 12, 2019, 450000),
(1131, '0096', '14/12/2019', 12, 2019, 450000),
(1132, '0097', '14/12/2019', 12, 2019, 450000),
(1133, '0098', '14/12/2019', 12, 2019, 450000),
(1134, '0099', '14/12/2019', 12, 2019, 450000),
(1135, '0100', '14/12/2019', 12, 2019, 450000),
(1136, '0101', '14/12/2019', 12, 2019, 450000),
(1137, '0102', '14/12/2019', 12, 2019, 450000),
(1138, '0103', '14/12/2019', 12, 2019, 450000),
(1139, '0104', '14/12/2019', 12, 2019, 450000),
(1140, '0105', '14/12/2019', 12, 2019, 450000),
(1141, '0106', '14/12/2019', 12, 2019, 450000),
(1142, '0107', '14/12/2019', 12, 2019, 450000),
(1143, '0108', '14/12/2019', 12, 2019, 450000),
(1144, '0109', '14/12/2019', 12, 2019, 450000),
(1145, '0110', '14/12/2019', 12, 2019, 450000),
(1146, '0111', '14/12/2019', 12, 2019, 450000),
(1147, '0112', '14/12/2019', 12, 2019, 450000),
(1148, '0113', '14/12/2019', 12, 2019, 450000),
(1149, '0114', '14/12/2019', 12, 2019, 450000),
(1150, '0115', '14/12/2019', 12, 2019, 450000),
(1151, '0116', '14/12/2019', 12, 2019, 450000),
(1152, '0117', '14/12/2019', 12, 2019, 450000),
(1153, '0118', '14/12/2019', 12, 2019, 450000),
(1154, '0119', '14/12/2019', 12, 2019, 450000),
(1155, '0120', '14/12/2019', 12, 2019, 450000),
(1156, '0121', '14/12/2019', 12, 2019, 450000),
(1157, '202001', '14/12/2019', 12, 2019, 500000),
(1158, '202002', '14/12/2019', 12, 2019, 500000),
(1159, '202003', '14/12/2019', 12, 2019, 500000),
(1160, '202004', '14/12/2019', 12, 2019, 500000),
(1161, '202005', '14/12/2019', 12, 2019, 500000),
(1162, '202006', '14/12/2019', 12, 2019, 500000),
(1163, '202007', '14/12/2019', 12, 2019, 500000),
(1164, '202008', '14/12/2019', 12, 2019, 500000),
(1165, '202009', '14/12/2019', 12, 2019, 500000),
(1166, '202010', '14/12/2019', 12, 2019, 500000),
(1167, '202011', '14/12/2019', 12, 2019, 500000),
(1168, '202012', '14/12/2019', 12, 2019, 500000),
(1169, '202013', '14/12/2019', 12, 2019, 500000),
(1170, '202014', '14/12/2019', 12, 2019, 500000),
(1171, '202015', '14/12/2019', 12, 2019, 500000),
(1172, '202016', '14/12/2019', 12, 2019, 500000),
(1173, '202017', '14/12/2019', 12, 2019, 500000),
(1174, '202018', '14/12/2019', 12, 2019, 500000),
(1175, '202019', '14/12/2019', 12, 2019, 500000),
(1176, '202020', '14/12/2019', 12, 2019, 500000),
(1177, '202021', '14/12/2019', 12, 2019, 500000),
(1178, '202022', '14/12/2019', 12, 2019, 500000),
(1179, '202023', '14/12/2019', 12, 2019, 500000),
(1180, '202024', '14/12/2019', 12, 2019, 500000),
(1181, '202025', '14/12/2019', 12, 2019, 500000),
(1182, '202026', '14/12/2019', 12, 2019, 500000),
(1183, '202027', '14/12/2019', 12, 2019, 500000),
(1184, '202028', '14/12/2019', 12, 2019, 500000),
(1185, '0001', '14/11/2019', 11, 2019, 300000),
(1186, '0002', '14/11/2019', 11, 2019, 300000),
(1187, '0003', '14/11/2019', 11, 2019, 300000),
(1188, '0004', '14/11/2019', 11, 2019, 300000),
(1189, '0005', '14/11/2019', 11, 2019, 300000),
(1190, '0007', '14/11/2019', 11, 2019, 300000),
(1191, '0008', '14/11/2019', 11, 2019, 300000),
(1192, '0009', '14/11/2019', 11, 2019, 300000),
(1193, '0010', '14/11/2019', 11, 2019, 300000),
(1194, '0011', '14/11/2019', 11, 2019, 300000),
(1195, '0012', '14/11/2019', 11, 2019, 300000),
(1196, '0013', '14/11/2019', 11, 2019, 300000),
(1197, '0014', '14/11/2019', 11, 2019, 300000),
(1198, '0015', '14/11/2019', 11, 2019, 300000),
(1199, '0016', '14/11/2019', 11, 2019, 300000),
(1200, '0018', '14/11/2019', 11, 2019, 300000),
(1201, '0019', '14/11/2019', 11, 2019, 300000),
(1202, '0021', '14/11/2019', 11, 2019, 300000),
(1203, '0022', '14/11/2019', 11, 2019, 300000),
(1204, '0023', '14/11/2019', 11, 2019, 300000),
(1205, '0024', '14/11/2019', 11, 2019, 300000),
(1206, '0025', '14/11/2019', 11, 2019, 300000),
(1207, '0027', '14/11/2019', 11, 2019, 300000),
(1208, '0028', '14/11/2019', 11, 2019, 400000),
(1209, '0029', '14/11/2019', 11, 2019, 400000),
(1210, '0030', '14/11/2019', 11, 2019, 400000),
(1211, '0031', '14/11/2019', 11, 2019, 400000),
(1212, '0032', '14/11/2019', 11, 2019, 400000),
(1213, '0033', '14/11/2019', 11, 2019, 400000),
(1214, '0034', '14/11/2019', 11, 2019, 400000),
(1215, '0035', '14/11/2019', 11, 2019, 400000),
(1216, '0036', '14/11/2019', 11, 2019, 400000),
(1217, '0037', '14/11/2019', 11, 2019, 400000),
(1218, '0038', '14/11/2019', 11, 2019, 400000),
(1219, '0039', '14/11/2019', 11, 2019, 400000),
(1220, '0040', '14/11/2019', 11, 2019, 400000),
(1221, '0041', '14/11/2019', 11, 2019, 400000),
(1222, '0042', '14/11/2019', 11, 2019, 400000),
(1223, '0043', '14/11/2019', 11, 2019, 400000),
(1224, '0044', '14/11/2019', 11, 2019, 400000),
(1225, '0045', '14/11/2019', 11, 2019, 400000),
(1226, '0046', '14/11/2019', 11, 2019, 400000),
(1227, '0047', '14/11/2019', 11, 2019, 400000),
(1228, '0048', '14/11/2019', 11, 2019, 400000),
(1229, '0049', '14/11/2019', 11, 2019, 400000),
(1230, '0051', '14/11/2019', 11, 2019, 400000),
(1231, '0052', '14/11/2019', 11, 2019, 400000),
(1232, '0053', '14/11/2019', 11, 2019, 400000),
(1233, '0054', '14/11/2019', 11, 2019, 400000),
(1234, '0056', '14/11/2019', 11, 2019, 400000),
(1235, '0057', '14/11/2019', 11, 2019, 400000),
(1236, '0058', '14/11/2019', 11, 2019, 400000),
(1237, '0059', '14/11/2019', 11, 2019, 400000),
(1238, '0060', '14/11/2019', 11, 2019, 400000),
(1239, '0061', '14/11/2019', 11, 2019, 400000),
(1240, '0062', '14/11/2019', 11, 2019, 400000),
(1241, '0063', '14/11/2019', 11, 2019, 400000),
(1242, '0064', '14/11/2019', 11, 2019, 400000),
(1243, '0065', '14/11/2019', 11, 2019, 400000),
(1244, '0066', '14/11/2019', 11, 2019, 400000),
(1245, '0067', '14/11/2019', 11, 2019, 400000),
(1246, '0068', '14/11/2019', 11, 2019, 300000),
(1247, '0069', '14/11/2019', 11, 2019, 450000),
(1248, '0070', '14/11/2019', 11, 2019, 450000),
(1249, '0071', '14/11/2019', 11, 2019, 450000),
(1250, '0072', '14/11/2019', 11, 2019, 450000),
(1251, '0073', '14/11/2019', 11, 2019, 450000),
(1252, '0074', '14/11/2019', 11, 2019, 450000),
(1253, '0075', '14/11/2019', 11, 2019, 450000),
(1254, '0076', '14/11/2019', 11, 2019, 450000),
(1255, '0077', '14/11/2019', 11, 2019, 450000),
(1256, '0078', '14/11/2019', 11, 2019, 450000),
(1257, '0079', '14/11/2019', 11, 2019, 450000),
(1258, '0080', '14/11/2019', 11, 2019, 450000),
(1259, '0081', '14/11/2019', 11, 2019, 450000),
(1260, '0082', '14/11/2019', 11, 2019, 450000),
(1261, '0083', '14/11/2019', 11, 2019, 450000),
(1262, '0084', '14/11/2019', 11, 2019, 450000),
(1263, '0085', '14/11/2019', 11, 2019, 450000),
(1264, '0086', '14/11/2019', 11, 2019, 450000),
(1265, '0087', '14/11/2019', 11, 2019, 450000),
(1266, '0088', '14/11/2019', 11, 2019, 450000),
(1267, '0089', '14/11/2019', 11, 2019, 450000),
(1268, '0090', '14/11/2019', 11, 2019, 450000),
(1269, '0091', '14/11/2019', 11, 2019, 450000),
(1270, '0092', '14/11/2019', 11, 2019, 450000),
(1271, '0093', '14/11/2019', 11, 2019, 450000),
(1272, '0094', '14/11/2019', 11, 2019, 450000),
(1273, '0095', '14/11/2019', 11, 2019, 450000),
(1274, '0096', '14/11/2019', 11, 2019, 450000),
(1275, '0097', '14/11/2019', 11, 2019, 450000),
(1276, '0098', '14/11/2019', 11, 2019, 450000),
(1277, '0099', '14/11/2019', 11, 2019, 450000),
(1278, '0100', '14/11/2019', 11, 2019, 450000),
(1279, '0101', '14/11/2019', 11, 2019, 450000),
(1280, '0102', '14/11/2019', 11, 2019, 450000),
(1281, '0103', '14/11/2019', 11, 2019, 450000),
(1282, '0104', '14/11/2019', 11, 2019, 450000),
(1283, '0105', '14/11/2019', 11, 2019, 450000),
(1284, '0106', '14/11/2019', 11, 2019, 450000),
(1285, '0107', '14/11/2019', 11, 2019, 450000),
(1286, '0108', '14/11/2019', 11, 2019, 450000),
(1287, '0109', '14/11/2019', 11, 2019, 450000),
(1288, '0110', '14/11/2019', 11, 2019, 450000),
(1289, '0111', '14/11/2019', 11, 2019, 450000),
(1290, '0112', '14/11/2019', 11, 2019, 450000),
(1291, '0113', '14/11/2019', 11, 2019, 450000),
(1292, '0114', '14/11/2019', 11, 2019, 450000),
(1293, '0115', '14/11/2019', 11, 2019, 450000),
(1294, '0116', '14/11/2019', 11, 2019, 450000),
(1295, '0117', '14/11/2019', 11, 2019, 450000),
(1296, '0118', '14/11/2019', 11, 2019, 450000),
(1297, '0119', '14/11/2019', 11, 2019, 450000),
(1298, '0120', '14/11/2019', 11, 2019, 450000),
(1299, '0121', '14/11/2019', 11, 2019, 450000),
(1300, '202001', '14/11/2019', 11, 2019, 500000),
(1301, '202002', '14/11/2019', 11, 2019, 500000),
(1302, '202003', '14/11/2019', 11, 2019, 500000),
(1303, '202004', '14/11/2019', 11, 2019, 500000),
(1304, '202005', '14/11/2019', 11, 2019, 500000),
(1305, '202006', '14/11/2019', 11, 2019, 500000),
(1306, '202007', '14/11/2019', 11, 2019, 500000),
(1307, '202008', '14/11/2019', 11, 2019, 500000),
(1308, '202009', '14/11/2019', 11, 2019, 500000),
(1309, '202010', '14/11/2019', 11, 2019, 500000),
(1310, '202011', '14/11/2019', 11, 2019, 500000),
(1311, '202012', '14/11/2019', 11, 2019, 500000),
(1312, '202013', '14/11/2019', 11, 2019, 500000),
(1313, '202014', '14/11/2019', 11, 2019, 500000),
(1314, '202015', '14/11/2019', 11, 2019, 500000),
(1315, '202016', '14/11/2019', 11, 2019, 500000),
(1316, '202017', '14/11/2019', 11, 2019, 500000),
(1317, '202018', '14/11/2019', 11, 2019, 500000),
(1318, '202019', '14/11/2019', 11, 2019, 500000),
(1319, '202020', '14/11/2019', 11, 2019, 500000),
(1320, '202021', '14/11/2019', 11, 2019, 500000),
(1321, '202022', '14/11/2019', 11, 2019, 500000),
(1322, '202023', '14/11/2019', 11, 2019, 500000),
(1323, '202024', '14/11/2019', 11, 2019, 500000),
(1324, '202025', '14/11/2019', 11, 2019, 500000),
(1325, '202026', '14/11/2019', 11, 2019, 500000),
(1326, '202027', '14/11/2019', 11, 2019, 500000),
(1327, '202028', '14/11/2019', 11, 2019, 500000),
(1328, '0001', '14/05/2020', 5, 2019, 300000),
(1329, '0002', '14/05/2020', 5, 2019, 300000),
(1330, '0003', '14/05/2020', 5, 2019, 300000),
(1331, '0004', '14/05/2020', 5, 2019, 300000),
(1332, '0005', '14/05/2020', 5, 2019, 300000),
(1333, '0007', '14/05/2020', 5, 2019, 300000),
(1334, '0011', '14/05/2020', 5, 2019, 300000),
(1335, '0012', '14/05/2020', 5, 2019, 300000),
(1336, '0013', '14/05/2020', 5, 2019, 300000),
(1337, '0014', '14/05/2020', 5, 2019, 300000),
(1338, '0015', '14/05/2020', 5, 2019, 300000),
(1339, '0016', '14/05/2020', 5, 2019, 300000),
(1340, '0018', '14/05/2020', 5, 2019, 300000),
(1341, '0019', '14/05/2020', 5, 2019, 300000),
(1342, '0021', '14/05/2020', 5, 2019, 300000),
(1343, '0022', '14/05/2020', 5, 2019, 300000),
(1344, '0023', '14/05/2020', 5, 2019, 300000),
(1345, '0024', '14/05/2020', 5, 2019, 300000),
(1346, '0025', '14/05/2020', 5, 2019, 300000),
(1347, '0027', '14/05/2020', 5, 2019, 300000),
(1348, '0028', '14/05/2020', 5, 2019, 400000),
(1349, '0029', '14/05/2020', 5, 2019, 400000),
(1350, '0030', '14/05/2020', 5, 2019, 400000),
(1351, '0031', '14/05/2020', 5, 2019, 400000),
(1352, '0032', '14/05/2020', 5, 2019, 400000),
(1353, '0033', '14/05/2020', 5, 2019, 400000),
(1354, '0034', '14/05/2020', 5, 2019, 400000),
(1355, '0038', '14/05/2020', 5, 2019, 400000),
(1356, '0039', '14/05/2020', 5, 2019, 400000),
(1357, '0040', '14/05/2020', 5, 2019, 400000),
(1358, '0041', '14/05/2020', 5, 2019, 400000),
(1359, '0042', '14/05/2020', 5, 2019, 400000),
(1360, '0043', '14/05/2020', 5, 2019, 400000),
(1361, '0044', '14/05/2020', 5, 2019, 400000),
(1362, '0045', '14/05/2020', 5, 2019, 400000),
(1363, '0046', '14/05/2020', 5, 2019, 400000),
(1364, '0047', '14/05/2020', 5, 2019, 400000),
(1365, '0048', '14/05/2020', 5, 2019, 400000),
(1366, '0049', '14/05/2020', 5, 2019, 400000),
(1367, '0051', '14/05/2020', 5, 2019, 400000),
(1368, '0052', '14/05/2020', 5, 2019, 400000),
(1369, '0053', '14/05/2020', 5, 2019, 400000),
(1370, '0054', '14/05/2020', 5, 2019, 400000),
(1371, '0056', '14/05/2020', 5, 2019, 400000),
(1372, '0057', '14/05/2020', 5, 2019, 400000),
(1373, '0058', '14/05/2020', 5, 2019, 400000),
(1374, '0059', '14/05/2020', 5, 2019, 400000),
(1375, '0060', '14/05/2020', 5, 2019, 400000),
(1376, '0061', '14/05/2020', 5, 2019, 400000),
(1377, '0062', '14/05/2020', 5, 2019, 400000),
(1378, '0067', '14/05/2020', 5, 2019, 400000),
(1379, '0068', '14/05/2020', 5, 2019, 300000),
(1380, '0069', '14/05/2020', 5, 2019, 450000),
(1381, '0070', '14/05/2020', 5, 2019, 450000),
(1382, '0071', '14/05/2020', 5, 2019, 450000),
(1383, '0072', '14/05/2020', 5, 2019, 450000),
(1384, '0073', '14/05/2020', 5, 2019, 450000),
(1385, '0074', '14/05/2020', 5, 2019, 450000),
(1386, '0075', '14/05/2020', 5, 2019, 450000),
(1387, '0076', '14/05/2020', 5, 2019, 450000),
(1388, '0077', '14/05/2020', 5, 2019, 450000),
(1389, '0078', '14/05/2020', 5, 2019, 450000),
(1390, '0079', '14/05/2020', 5, 2019, 450000),
(1391, '0080', '14/05/2020', 5, 2019, 450000),
(1392, '0081', '14/05/2020', 5, 2019, 450000),
(1393, '0082', '14/05/2020', 5, 2019, 450000),
(1394, '0083', '14/05/2020', 5, 2019, 450000),
(1395, '0084', '14/05/2020', 5, 2019, 450000),
(1396, '0090', '14/05/2020', 5, 2019, 450000),
(1397, '0091', '14/05/2020', 5, 2019, 450000),
(1398, '0092', '14/05/2020', 5, 2019, 450000),
(1399, '0093', '14/05/2020', 5, 2019, 450000),
(1400, '0094', '14/05/2020', 5, 2019, 450000),
(1401, '0095', '14/05/2020', 5, 2019, 450000),
(1402, '0096', '14/05/2020', 5, 2019, 450000),
(1403, '0097', '14/05/2020', 5, 2019, 450000),
(1404, '0098', '14/05/2020', 5, 2019, 450000),
(1405, '0099', '14/05/2020', 5, 2019, 450000),
(1406, '0100', '14/05/2020', 5, 2019, 450000),
(1407, '0101', '14/05/2020', 5, 2019, 450000),
(1408, '0102', '14/05/2020', 5, 2019, 450000),
(1409, '0103', '14/05/2020', 5, 2019, 450000),
(1410, '0104', '14/05/2020', 5, 2019, 450000),
(1411, '0105', '14/05/2020', 5, 2019, 450000),
(1412, '0106', '14/05/2020', 5, 2019, 450000),
(1413, '0113', '14/05/2020', 5, 2019, 450000),
(1414, '0114', '14/05/2020', 5, 2019, 450000),
(1415, '0115', '14/05/2020', 5, 2019, 450000),
(1416, '0116', '14/05/2020', 5, 2019, 450000),
(1417, '0117', '14/05/2020', 5, 2019, 450000),
(1418, '0118', '14/05/2020', 5, 2019, 450000),
(1419, '0119', '14/05/2020', 5, 2019, 450000),
(1420, '0120', '14/05/2020', 5, 2019, 450000),
(1421, '0121', '14/05/2020', 5, 2019, 450000),
(1422, '202001', '14/05/2020', 5, 2019, 500000),
(1423, '202002', '14/05/2020', 5, 2019, 500000),
(1424, '202003', '14/05/2020', 5, 2019, 500000),
(1425, '202004', '14/05/2020', 5, 2019, 500000),
(1426, '202005', '14/05/2020', 5, 2019, 500000),
(1427, '202006', '14/05/2020', 5, 2019, 500000),
(1428, '202007', '14/05/2020', 5, 2019, 500000),
(1429, '202008', '14/05/2020', 5, 2019, 500000),
(1430, '202009', '14/05/2020', 5, 2019, 500000),
(1431, '202010', '14/05/2020', 5, 2019, 500000),
(1432, '202011', '14/05/2020', 5, 2019, 500000),
(1433, '202022', '14/05/2020', 5, 2019, 500000),
(1434, '202023', '14/05/2020', 5, 2019, 500000),
(1435, '202024', '14/05/2020', 5, 2019, 500000),
(1436, '202025', '14/05/2020', 5, 2019, 500000),
(1437, '202026', '14/05/2020', 5, 2019, 500000),
(1438, '202027', '14/05/2020', 5, 2019, 500000),
(1439, '202028', '14/05/2020', 5, 2019, 500000),
(1440, '0048', '19/06/2020', 7, 2020, 400000),
(1441, '0069', '27/06/2018', 7, 2018, 400000);

-- --------------------------------------------------------

--
-- Table structure for table `cicil_daftar_ulang`
--

CREATE TABLE `cicil_daftar_ulang` (
  `no_cicil_daftar_ulang` int(11) NOT NULL,
  `no_bayar_daftar_ulang` int(11) NOT NULL,
  `tanggal_bayar_daftarulang` varchar(10) NOT NULL,
  `nominal` int(11) NOT NULL
) ENGINE=InnoDB DEFAULT CHARSET=latin1;

--
-- Dumping data for table `cicil_daftar_ulang`
--

INSERT INTO `cicil_daftar_ulang` (`no_cicil_daftar_ulang`, `no_bayar_daftar_ulang`, `tanggal_bayar_daftarulang`, `nominal`) VALUES
(67, 1, '06/05/2020', 100000),
(68, 1, '20/05/2020', 0),
(69, 247, '09/05/2017', 1000000),
(70, 247, '21/05/2020', 150000),
(71, 248, '10/03/2017', 1150000),
(72, 249, '03/03/2017', 1150000),
(73, 250, '08/07/2017', 1150000),
(74, 251, '31/01/2017', 1150000),
(75, 252, '01/02/2017', 1150000),
(76, 253, '03/03/2017', 1150000),
(77, 254, '30/03/2017', 1150000),
(78, 255, '21/05/2020', 1150000),
(79, 256, '25/05/2016', 1150000),
(80, 243, '21/05/2020', 850000),
(81, 199, '21/05/2020', 1300000),
(82, 272, '02/03/2017', 1150000),
(83, 196, '21/05/2020', 1300000),
(84, 1, '21/05/2020', 600000),
(85, 197, '21/05/2020', 1300000),
(86, 198, '20/12/2019', 1300000),
(87, 200, '31/03/2020', 1300000),
(88, 201, '25/12/2019', 1300000),
(89, 202, '01/04/2020', 1300000),
(90, 391, '21/02/2020', 1300000),
(91, 392, '21/05/2020', 1300000),
(92, 393, '31/01/2020', 1300000),
(93, 394, '12/02/2020', 1300000),
(94, 395, '05/02/2020', 1300000),
(95, 273, '15/02/2020', 1250000),
(96, 274, '21/05/2020', 1250000),
(97, 303, '06/05/2020', 1150000),
(98, 313, '12/02/2020', 1150000),
(99, 396, '29/05/2020', 400000),
(100, 396, '02/06/2020', 12312),
(101, 418, '19/06/2020', 200000);

-- --------------------------------------------------------

--
-- Table structure for table `daftar_ulang`
--

CREATE TABLE `daftar_ulang` (
  `no_bayar_daftar_ulang` int(11) NOT NULL,
  `NIS` varchar(7) NOT NULL,
  `tahun_ajaran` varchar(9) NOT NULL,
  `spp` int(11) NOT NULL,
  `seragam` int(11) NOT NULL,
  `kegiatan_siswa` int(11) NOT NULL,
  `spi` int(11) NOT NULL,
  `pembukaan_rek` int(11) NOT NULL,
  `jumlah` int(11) NOT NULL,
  `terbayar` int(11) NOT NULL,
  `status` int(1) NOT NULL
) ENGINE=InnoDB DEFAULT CHARSET=latin1;

--
-- Dumping data for table `daftar_ulang`
--

INSERT INTO `daftar_ulang` (`no_bayar_daftar_ulang`, `NIS`, `tahun_ajaran`, `spp`, `seragam`, `kegiatan_siswa`, `spi`, `pembukaan_rek`, `jumlah`, `terbayar`, `status`) VALUES
(1, '202001', '2019/2020', 500000, 200000, 0, 0, 0, 700000, 700000, 1),
(196, '0001', '2019/2020', 300000, 0, 1000000, 0, 0, 1300000, 1300000, 1),
(197, '0002', '2019/2020', 300000, 0, 1000000, 0, 0, 1300000, 1300000, 1),
(198, '0003', '2019/2020', 300000, 0, 1000000, 0, 0, 1300000, 1300000, 1),
(199, '0004', '2019/2020', 300000, 0, 1000000, 0, 0, 1300000, 1300000, 1),
(200, '0005', '2019/2020', 300000, 0, 1000000, 0, 0, 1300000, 1300000, 1),
(201, '0007', '2019/2020', 300000, 0, 1000000, 0, 0, 1300000, 1300000, 1),
(202, '0008', '2019/2020', 300000, 0, 1000000, 0, 0, 1300000, 1300000, 1),
(203, '0009', '2019/2020', 300000, 0, 1000000, 0, 0, 1300000, 0, 0),
(204, '0010', '2019/2020', 300000, 0, 1000000, 0, 0, 1300000, 0, 0),
(205, '0011', '2019/2020', 300000, 0, 1000000, 0, 0, 1300000, 0, 0),
(206, '0012', '2019/2020', 300000, 0, 1000000, 0, 0, 1300000, 0, 0),
(207, '0013', '2019/2020', 300000, 0, 1000000, 0, 0, 1300000, 0, 0),
(208, '0014', '2019/2020', 300000, 0, 1000000, 0, 0, 1300000, 0, 0),
(209, '0015', '2019/2020', 300000, 0, 1000000, 0, 0, 1300000, 0, 0),
(210, '0016', '2019/2020', 300000, 0, 1000000, 0, 0, 1300000, 0, 0),
(211, '0018', '2019/2020', 300000, 0, 1000000, 0, 0, 1300000, 0, 0),
(212, '0019', '2019/2020', 300000, 0, 1000000, 0, 0, 1300000, 0, 0),
(213, '0021', '2019/2020', 300000, 0, 1000000, 0, 0, 1300000, 0, 0),
(214, '0022', '2019/2020', 300000, 0, 1000000, 0, 0, 1300000, 0, 0),
(215, '0023', '2019/2020', 300000, 0, 1000000, 0, 0, 1300000, 0, 0),
(216, '0024', '2019/2020', 300000, 0, 1000000, 0, 0, 1300000, 0, 0),
(217, '0025', '2019/2020', 300000, 0, 1000000, 0, 0, 1300000, 0, 0),
(218, '0027', '2019/2020', 300000, 0, 1000000, 0, 0, 1300000, 0, 0),
(219, '0068', '2019/2020', 300000, 0, 1000000, 0, 0, 1300000, 0, 0),
(220, '0095', '2018/2019', 350000, 0, 500000, 0, 0, 850000, 0, 0),
(221, '0096', '2018/2019', 350000, 0, 500000, 0, 0, 850000, 0, 0),
(222, '0097', '2018/2019', 350000, 0, 500000, 0, 0, 850000, 0, 0),
(223, '0098', '2018/2019', 350000, 0, 500000, 0, 0, 850000, 0, 0),
(224, '0099', '2018/2019', 350000, 0, 500000, 0, 0, 850000, 0, 0),
(225, '0100', '2018/2019', 350000, 0, 500000, 0, 0, 850000, 0, 0),
(226, '0101', '2018/2019', 350000, 0, 500000, 0, 0, 850000, 0, 0),
(227, '0102', '2018/2019', 350000, 0, 500000, 0, 0, 850000, 0, 0),
(228, '0103', '2018/2019', 350000, 0, 500000, 0, 0, 850000, 0, 0),
(229, '0104', '2018/2019', 350000, 0, 500000, 0, 0, 850000, 0, 0),
(230, '0105', '2018/2019', 350000, 0, 500000, 0, 0, 850000, 0, 0),
(231, '0106', '2018/2019', 350000, 0, 500000, 0, 0, 850000, 0, 0),
(232, '0107', '2018/2019', 350000, 0, 500000, 0, 0, 850000, 0, 0),
(233, '0108', '2018/2019', 350000, 0, 500000, 0, 0, 850000, 0, 0),
(234, '0109', '2018/2019', 350000, 0, 500000, 0, 0, 850000, 0, 0),
(235, '0110', '2018/2019', 350000, 0, 500000, 0, 0, 850000, 0, 0),
(236, '0111', '2018/2019', 350000, 0, 500000, 0, 0, 850000, 0, 0),
(237, '0112', '2018/2019', 350000, 0, 500000, 0, 0, 850000, 0, 0),
(238, '0113', '2018/2019', 350000, 0, 500000, 0, 0, 850000, 0, 0),
(239, '0114', '2018/2019', 350000, 0, 500000, 0, 0, 850000, 0, 0),
(240, '0115', '2018/2019', 350000, 0, 500000, 0, 0, 850000, 0, 0),
(241, '0116', '2018/2019', 350000, 0, 500000, 0, 0, 850000, 0, 0),
(242, '0117', '2018/2019', 350000, 0, 500000, 0, 0, 850000, 0, 0),
(243, '0118', '2018/2019', 350000, 0, 500000, 0, 0, 850000, 850000, 1),
(244, '0119', '2018/2019', 350000, 0, 500000, 0, 0, 850000, 0, 0),
(245, '0120', '2018/2019', 350000, 0, 500000, 0, 0, 850000, 0, 0),
(246, '0121', '2018/2019', 350000, 0, 500000, 0, 0, 850000, 0, 0),
(247, '0069', '2017/2018', 400000, 0, 750000, 0, 0, 1150000, 1150000, 1),
(248, '0070', '2017/2018', 400000, 0, 750000, 0, 0, 1150000, 1150000, 1),
(249, '0071', '2017/2018', 400000, 0, 750000, 0, 0, 1150000, 1150000, 1),
(250, '0072', '2017/2018', 400000, 0, 750000, 0, 0, 1150000, 1150000, 1),
(251, '0073', '2017/2018', 400000, 0, 750000, 0, 0, 1150000, 1150000, 1),
(252, '0074', '2017/2018', 400000, 0, 750000, 0, 0, 1150000, 1150000, 1),
(253, '0075', '2017/2018', 400000, 0, 750000, 0, 0, 1150000, 1150000, 1),
(254, '0076', '2017/2018', 400000, 0, 750000, 0, 0, 1150000, 1150000, 1),
(255, '0077', '2017/2018', 400000, 0, 750000, 0, 0, 1150000, 1150000, 1),
(256, '0078', '2017/2018', 400000, 0, 750000, 0, 0, 1150000, 1150000, 1),
(257, '0079', '2017/2018', 400000, 0, 750000, 0, 0, 1150000, 0, 0),
(258, '0080', '2017/2018', 400000, 0, 750000, 0, 0, 1150000, 0, 0),
(259, '0081', '2017/2018', 400000, 0, 750000, 0, 0, 1150000, 0, 0),
(260, '0082', '2017/2018', 400000, 0, 750000, 0, 0, 1150000, 0, 0),
(261, '0083', '2017/2018', 400000, 0, 750000, 0, 0, 1150000, 0, 0),
(262, '0084', '2017/2018', 400000, 0, 750000, 0, 0, 1150000, 0, 0),
(263, '0085', '2017/2018', 400000, 0, 750000, 0, 0, 1150000, 0, 0),
(264, '0086', '2017/2018', 400000, 0, 750000, 0, 0, 1150000, 0, 0),
(265, '0088', '2017/2018', 400000, 0, 750000, 0, 0, 1150000, 0, 0),
(266, '0089', '2017/2018', 400000, 0, 750000, 0, 0, 1150000, 0, 0),
(267, '0087', '2017/2018', 400000, 0, 750000, 0, 0, 1150000, 0, 0),
(268, '0090', '2017/2018', 400000, 0, 750000, 0, 0, 1150000, 0, 0),
(269, '0091', '2017/2018', 400000, 0, 750000, 0, 0, 1150000, 0, 0),
(270, '0092', '2017/2018', 400000, 0, 750000, 0, 0, 1150000, 0, 0),
(271, '0093', '2017/2018', 400000, 0, 750000, 0, 0, 1150000, 0, 0),
(272, '0094', '2017/2018', 400000, 0, 750000, 0, 0, 1150000, 1150000, 1),
(273, '0095', '2019/2020', 450000, 0, 800000, 0, 0, 1250000, 1250000, 1),
(274, '0096', '2019/2020', 450000, 0, 800000, 0, 0, 1250000, 1250000, 1),
(275, '0097', '2019/2020', 450000, 0, 800000, 0, 0, 1250000, 0, 0),
(276, '0098', '2019/2020', 450000, 0, 800000, 0, 0, 1250000, 0, 0),
(277, '0099', '2019/2020', 450000, 0, 800000, 0, 0, 1250000, 0, 0),
(278, '0100', '2019/2020', 450000, 0, 800000, 0, 0, 1250000, 0, 0),
(279, '0101', '2019/2020', 450000, 0, 800000, 0, 0, 1250000, 0, 0),
(280, '0102', '2019/2020', 450000, 0, 800000, 0, 0, 1250000, 0, 0),
(281, '0103', '2019/2020', 450000, 0, 800000, 0, 0, 1250000, 0, 0),
(282, '0104', '2019/2020', 450000, 0, 800000, 0, 0, 1250000, 0, 0),
(283, '0105', '2019/2020', 450000, 0, 800000, 0, 0, 1250000, 0, 0),
(284, '0106', '2019/2020', 450000, 0, 800000, 0, 0, 1250000, 0, 0),
(285, '0107', '2019/2020', 450000, 0, 800000, 0, 0, 1250000, 0, 0),
(286, '0108', '2019/2020', 450000, 0, 800000, 0, 0, 1250000, 0, 0),
(287, '0109', '2019/2020', 450000, 0, 800000, 0, 0, 1250000, 0, 0),
(288, '0110', '2019/2020', 450000, 0, 800000, 0, 0, 1250000, 0, 0),
(289, '0111', '2019/2020', 450000, 0, 800000, 0, 0, 1250000, 0, 0),
(290, '0112', '2019/2020', 450000, 0, 800000, 0, 0, 1250000, 0, 0),
(291, '0113', '2019/2020', 450000, 0, 800000, 0, 0, 1250000, 0, 0),
(292, '0114', '2019/2020', 450000, 0, 800000, 0, 0, 1250000, 0, 0),
(293, '0115', '2019/2020', 450000, 0, 800000, 0, 0, 1250000, 0, 0),
(294, '0116', '2019/2020', 450000, 0, 800000, 0, 0, 1250000, 0, 0),
(295, '0117', '2019/2020', 450000, 0, 800000, 0, 0, 1250000, 0, 0),
(296, '0118', '2019/2020', 450000, 0, 800000, 0, 0, 1250000, 0, 0),
(297, '0119', '2019/2020', 450000, 0, 800000, 0, 0, 1250000, 0, 0),
(298, '0120', '2019/2020', 450000, 0, 800000, 0, 0, 1250000, 0, 0),
(299, '0121', '2019/2020', 450000, 0, 800000, 0, 0, 1250000, 0, 0),
(300, '0069', '2019/2020', 350000, 0, 800000, 0, 0, 1150000, 0, 0),
(301, '0070', '2019/2020', 350000, 0, 800000, 0, 0, 1150000, 0, 0),
(302, '0071', '2019/2020', 350000, 0, 800000, 0, 0, 1150000, 0, 0),
(303, '0072', '2019/2020', 350000, 0, 800000, 0, 0, 1150000, 1150000, 1),
(304, '0073', '2019/2020', 350000, 0, 800000, 0, 0, 1150000, 0, 0),
(305, '0074', '2019/2020', 350000, 0, 800000, 0, 0, 1150000, 0, 0),
(306, '0075', '2019/2020', 350000, 0, 800000, 0, 0, 1150000, 0, 0),
(307, '0076', '2019/2020', 350000, 0, 800000, 0, 0, 1150000, 0, 0),
(308, '0077', '2019/2020', 350000, 0, 800000, 0, 0, 1150000, 0, 0),
(309, '0078', '2019/2020', 350000, 0, 800000, 0, 0, 1150000, 0, 0),
(310, '0079', '2019/2020', 350000, 0, 800000, 0, 0, 1150000, 0, 0),
(311, '0080', '2019/2020', 350000, 0, 800000, 0, 0, 1150000, 0, 0),
(312, '0081', '2019/2020', 350000, 0, 800000, 0, 0, 1150000, 0, 0),
(313, '0082', '2019/2020', 350000, 0, 800000, 0, 0, 1150000, 1150000, 1),
(314, '0083', '2019/2020', 350000, 0, 800000, 0, 0, 1150000, 0, 0),
(315, '0084', '2019/2020', 350000, 0, 800000, 0, 0, 1150000, 0, 0),
(316, '0085', '2019/2020', 350000, 0, 800000, 0, 0, 1150000, 0, 0),
(317, '0086', '2019/2020', 350000, 0, 800000, 0, 0, 1150000, 0, 0),
(318, '0088', '2019/2020', 350000, 0, 800000, 0, 0, 1150000, 0, 0),
(319, '0089', '2019/2020', 350000, 0, 800000, 0, 0, 1150000, 0, 0),
(320, '0087', '2019/2020', 350000, 0, 800000, 0, 0, 1150000, 0, 0),
(321, '0090', '2019/2020', 350000, 0, 800000, 0, 0, 1150000, 0, 0),
(322, '0091', '2019/2020', 350000, 0, 800000, 0, 0, 1150000, 0, 0),
(323, '0092', '2019/2020', 350000, 0, 800000, 0, 0, 1150000, 0, 0),
(324, '0093', '2019/2020', 350000, 0, 800000, 0, 0, 1150000, 0, 0),
(325, '0094', '2019/2020', 350000, 0, 800000, 0, 0, 1150000, 0, 0),
(326, '0048', '2019/2020', 350000, 0, 800000, 0, 0, 1150000, 0, 0),
(327, '0028', '2019/2020', 350000, 0, 800000, 0, 0, 1150000, 0, 0),
(328, '0029', '2019/2020', 350000, 0, 800000, 0, 0, 1150000, 0, 0),
(329, '0049', '2019/2020', 350000, 0, 800000, 0, 0, 1150000, 0, 0),
(330, '0051', '2019/2020', 350000, 0, 800000, 0, 0, 1150000, 0, 0),
(331, '0052', '2019/2020', 350000, 0, 800000, 0, 0, 1150000, 0, 0),
(332, '0030', '2019/2020', 350000, 0, 800000, 0, 0, 1150000, 0, 0),
(333, '0031', '2019/2020', 350000, 0, 800000, 0, 0, 1150000, 0, 0),
(334, '0053', '2019/2020', 350000, 0, 800000, 0, 0, 1150000, 0, 0),
(335, '0032', '2019/2020', 350000, 0, 800000, 0, 0, 1150000, 0, 0),
(336, '0033', '2019/2020', 350000, 0, 800000, 0, 0, 1150000, 0, 0),
(337, '0034', '2019/2020', 350000, 0, 800000, 0, 0, 1150000, 0, 0),
(338, '0035', '2019/2020', 350000, 0, 800000, 0, 0, 1150000, 0, 0),
(339, '0036', '2019/2020', 350000, 0, 800000, 0, 0, 1150000, 0, 0),
(340, '0037', '2019/2020', 350000, 0, 800000, 0, 0, 1150000, 0, 0),
(341, '0038', '2019/2020', 350000, 0, 800000, 0, 0, 1150000, 0, 0),
(342, '0039', '2019/2020', 350000, 0, 800000, 0, 0, 1150000, 0, 0),
(343, '0054', '2019/2020', 350000, 0, 800000, 0, 0, 1150000, 0, 0),
(344, '0040', '2019/2020', 350000, 0, 800000, 0, 0, 1150000, 0, 0),
(345, '0041', '2019/2020', 350000, 0, 800000, 0, 0, 1150000, 0, 0),
(346, '0056', '2019/2020', 350000, 0, 800000, 0, 0, 1150000, 0, 0),
(347, '0057', '2019/2020', 350000, 0, 800000, 0, 0, 1150000, 0, 0),
(348, '0061', '2019/2020', 350000, 0, 800000, 0, 0, 1150000, 0, 0),
(349, '0058', '2019/2020', 350000, 0, 800000, 0, 0, 1150000, 0, 0),
(350, '0059', '2019/2020', 350000, 0, 800000, 0, 0, 1150000, 0, 0),
(351, '0060', '2019/2020', 350000, 0, 800000, 0, 0, 1150000, 0, 0),
(352, '0062', '2019/2020', 350000, 0, 800000, 0, 0, 1150000, 0, 0),
(353, '0063', '2019/2020', 350000, 0, 800000, 0, 0, 1150000, 0, 0),
(354, '0042', '2019/2020', 350000, 0, 800000, 0, 0, 1150000, 0, 0),
(355, '0043', '2019/2020', 350000, 0, 800000, 0, 0, 1150000, 0, 0),
(356, '0064', '2019/2020', 350000, 0, 800000, 0, 0, 1150000, 0, 0),
(357, '0044', '2019/2020', 350000, 0, 800000, 0, 0, 1150000, 0, 0),
(358, '0045', '2019/2020', 350000, 0, 800000, 0, 0, 1150000, 0, 0),
(359, '0065', '2019/2020', 350000, 0, 800000, 0, 0, 1150000, 0, 0),
(360, '0046', '2019/2020', 350000, 0, 800000, 0, 0, 1150000, 0, 0),
(361, '0066', '2019/2020', 350000, 0, 800000, 0, 0, 1150000, 0, 0),
(362, '0067', '2019/2020', 350000, 0, 800000, 0, 0, 1150000, 0, 0),
(363, '0047', '2019/2020', 350000, 0, 800000, 0, 0, 1150000, 0, 0),
(391, '202002', '2019/2020', 500000, 0, 800000, 0, 0, 1300000, 1300000, 1),
(392, '202003', '2019/2020', 500000, 0, 800000, 0, 0, 1300000, 1300000, 1),
(393, '202004', '2019/2020', 500000, 0, 800000, 0, 0, 1300000, 1300000, 1),
(394, '202005', '2019/2020', 500000, 0, 800000, 0, 0, 1300000, 1300000, 1),
(395, '202006', '2019/2020', 500000, 0, 800000, 0, 0, 1300000, 1300000, 1),
(396, '202007', '2019/2020', 500000, 0, 800000, 0, 0, 1300000, 412312, 0),
(397, '202008', '2019/2020', 500000, 0, 800000, 0, 0, 1300000, 0, 0),
(398, '202009', '2019/2020', 500000, 0, 800000, 0, 0, 1300000, 0, 0),
(399, '202010', '2019/2020', 500000, 0, 800000, 0, 0, 1300000, 0, 0),
(400, '202011', '2019/2020', 500000, 0, 800000, 0, 0, 1300000, 0, 0),
(401, '202012', '2019/2020', 500000, 0, 800000, 0, 0, 1300000, 0, 0),
(402, '202013', '2019/2020', 500000, 0, 800000, 0, 0, 1300000, 0, 0),
(403, '202014', '2019/2020', 500000, 0, 800000, 0, 0, 1300000, 0, 0),
(404, '202015', '2019/2020', 500000, 0, 800000, 0, 0, 1300000, 0, 0),
(405, '202016', '2019/2020', 500000, 0, 800000, 0, 0, 1300000, 0, 0),
(406, '202017', '2019/2020', 500000, 0, 800000, 0, 0, 1300000, 0, 0),
(407, '202018', '2019/2020', 500000, 0, 800000, 0, 0, 1300000, 0, 0),
(408, '202019', '2019/2020', 500000, 0, 800000, 0, 0, 1300000, 0, 0),
(409, '202020', '2019/2020', 500000, 0, 800000, 0, 0, 1300000, 0, 0),
(410, '202021', '2019/2020', 500000, 0, 800000, 0, 0, 1300000, 0, 0),
(411, '202022', '2019/2020', 500000, 0, 800000, 0, 0, 1300000, 0, 0),
(412, '202023', '2019/2020', 500000, 0, 800000, 0, 0, 1300000, 0, 0),
(413, '202024', '2019/2020', 500000, 0, 800000, 0, 0, 1300000, 0, 0),
(414, '202025', '2019/2020', 500000, 0, 800000, 0, 0, 1300000, 0, 0),
(415, '202026', '2019/2020', 500000, 0, 800000, 0, 0, 1300000, 0, 0),
(416, '202027', '2019/2020', 500000, 0, 800000, 0, 0, 1300000, 0, 0),
(417, '202028', '2019/2020', 500000, 0, 800000, 0, 0, 1300000, 0, 0),
(418, '0001', '2020/2021', 200000, 200000, 0, 0, 0, 400000, 200000, 0);

-- --------------------------------------------------------

--
-- Table structure for table `data_siswa`
--

CREATE TABLE `data_siswa` (
  `NIS` varchar(7) NOT NULL,
  `nama_siswa` varchar(30) NOT NULL,
  `kelas` int(2) NOT NULL,
  `nama_kelas` varchar(1) NOT NULL,
  `biaya_spp` int(11) NOT NULL
) ENGINE=InnoDB DEFAULT CHARSET=latin1;

--
-- Dumping data for table `data_siswa`
--

INSERT INTO `data_siswa` (`NIS`, `nama_siswa`, `kelas`, `nama_kelas`, `biaya_spp`) VALUES
('0001', 'Adelard Caisar Abiya Rafa', 5, 'A', 300000),
('0002', 'Aisha Kamila Gussaldy', 5, 'A', 300000),
('0003', 'Ahmad Amrullah Haqani', 5, 'A', 300000),
('0004', 'Almira Adelia Noviaswari Subag', 5, 'A', 300000),
('0005', 'Athar Widia Niswantoro', 5, 'A', 300000),
('0007', 'Danish Alviant Fajar Romadhon', 5, 'A', 300000),
('0008', 'Erickda Hannan Arifandria', 5, 'A', 300000),
('0009', 'Fardhan Firmansyah', 5, 'A', 300000),
('0010', 'Ghaisani Farras Husna', 5, 'A', 300000),
('0011', 'Ghaitsya Lovia Daulay', 5, 'A', 300000),
('0012', 'Khayyirah Nabilah Fernisa', 5, 'A', 300000),
('0013', 'Muhammad Daffa Abiyasa Basuki', 5, 'A', 300000),
('0014', 'Muhammad Hanief Dafa&#39;', 5, 'A', 300000),
('0015', 'Muhammad Iqbal Al Ghifari', 5, 'A', 300000),
('0016', 'Muhammad Raihan Mumtaz', 5, 'A', 300000),
('0018', 'Nabila Putri Ardisya', 5, 'A', 300000),
('0019', 'Nadif Maulana Hisyam', 5, 'A', 300000),
('0021', 'Pujadi Shadam Diensailendra', 5, 'A', 300000),
('0022', 'Quanisa Zhafira Daffani', 5, 'A', 300000),
('0023', 'Raymond Hanif Saputro', 5, 'A', 300000),
('0024', 'Rizka Indah Cahyani', 5, 'A', 300000),
('0025', 'Sekar Ayu Nastiti', 5, 'A', 300000),
('0027', 'Yocelyn Khanza Zahirah', 5, 'A', 300000),
('0028', 'Aidha Maghfira Lathifa', 4, 'A', 400000),
('0029', 'Aidil Rasyad Mrajita Saputra', 4, 'A', 400000),
('0030', 'Amira Qanita Huwaida', 4, 'A', 400000),
('0031', 'Angel Lovina Wibisari', 4, 'A', 400000),
('0032', 'Asyraf Barizun Irsyad', 4, 'A', 400000),
('0033', 'Athif Revatand Syakeer', 4, 'A', 400000),
('0034', 'Belva Shaula Putri Mustofa', 4, 'A', 400000),
('0035', 'Brian Herlambang Saputra', 4, 'A', 400000),
('0036', 'Clarissa Almira Achsani', 4, 'A', 400000),
('0037', 'Cleantha Aureliya Suseno', 4, 'A', 400000),
('0038', 'Daffa Wistara Nirwasista', 4, 'A', 400000),
('0039', 'Dhiya Hana Fawnia', 4, 'A', 400000),
('0040', 'Fathia Karamatuna Putri', 4, 'A', 400000),
('0041', 'Hasna Hervita Ramadani', 4, 'A', 400000),
('0042', 'Nayaka Ryan Sandita', 4, 'A', 400000),
('0043', 'Quinsha Zivara Terthia P.', 4, 'A', 400000),
('0044', 'Rafa Febrian Pramuditya', 4, 'A', 400000),
('0045', 'Ridho Jaya Wibowo', 4, 'A', 400000),
('0046', 'Satria Akhtar Wiranata', 4, 'A', 400000),
('0047', 'Thalita Syifarani Andyanti', 4, 'A', 400000),
('0048', 'Adnan Khairsyarif Setiawan', 4, 'B', 400000),
('0049', 'Aiko Qanita Ystovia', 4, 'B', 400000),
('0051', 'Alifaiza Maridza Putri Soulvie', 4, 'B', 400000),
('0052', 'Alma Yanza Bernadine Isnadi', 4, 'B', 400000),
('0053', 'Aqiela Azkiya Oktalindra', 4, 'B', 400000),
('0054', 'Ektada Biahmad Gussaldy', 4, 'B', 400000),
('0056', 'Irham Bialfin Niam Aflahi', 4, 'B', 400000),
('0057', 'Keandra Farid Zhafran Ramadhan', 4, 'B', 400000),
('0058', 'Keiza Naila Wibowo', 4, 'B', 400000),
('0059', 'Kenzie Dimas Raka Aryanto', 4, 'B', 400000),
('0060', 'Khairunnisa Mya Shaula', 4, 'B', 400000),
('0061', 'Keisha Amira Syalia', 4, 'B', 400000),
('0062', 'M. Abhista Dhefandy Putra', 4, 'B', 400000),
('0063', 'Nafis El Zaidan', 4, 'B', 400000),
('0064', 'Raditya Fulca Mahardika', 4, 'B', 400000),
('0065', 'Rifky Meilano', 4, 'B', 400000),
('0066', 'Shinta Aisya Azzahra Alfiani', 4, 'B', 400000),
('0067', 'Sofia Fisilmikafah', 4, 'B', 400000),
('0068', 'Muhammad Alfath Arrazi Ardi Pu', 5, 'A', 300000),
('0069', 'Adelard Sarfaraz Abiya Rafa', 3, 'A', 450000),
('0070', 'Aeisjach Vilova Ramadheea', 3, 'A', 450000),
('0071', 'Afiq Amhar Mahdi', 3, 'A', 450000),
('0072', 'Aisya Shima Tan', 3, 'A', 450000),
('0073', 'Al Akhsan Rizkyano', 3, 'A', 450000),
('0074', 'Almira Shahia Hendini', 3, 'A', 450000),
('0075', 'Alya Nabila Wibowo', 3, 'A', 450000),
('0076', 'Daffa Putra S', 3, 'A', 450000),
('0077', 'Dhia Annakeysha Nouvita', 3, 'A', 450000),
('0078', 'Embun Lalita', 3, 'A', 450000),
('0079', 'Faeyza Dya Arsha Kurniawan', 3, 'A', 450000),
('0080', 'Fariza Aulya Maharani I', 3, 'A', 450000),
('0081', 'Firmansyah Ghanisia R', 3, 'A', 450000),
('0082', 'Indira Najma Putri Amaliya', 3, 'A', 450000),
('0083', 'Kevan Hafidz Bintoro', 3, 'A', 450000),
('0084', 'Kirana Anjali Aristiawan', 3, 'A', 450000),
('0085', 'Muhammad Alexander Gibran Nugr', 3, 'A', 450000),
('0086', 'Muhammad Azka Fayrus', 3, 'A', 450000),
('0087', 'Muhammad Tsaqif El Ma&#39;shum', 3, 'A', 450000),
('0088', 'Muhammad Fadhil Izzudin', 3, 'A', 450000),
('0089', 'Muhammad Rasya Anshar M', 3, 'A', 450000),
('0090', 'Naufal Rafif Addeputra', 3, 'A', 450000),
('0091', 'Rafa Maulana Ilham', 3, 'A', 450000),
('0092', 'Sahla Aqila R', 3, 'A', 450000),
('0093', 'Sandy Hafiz Setyawan', 3, 'A', 450000),
('0094', 'Zhafran  Alif Fairuz', 3, 'A', 450000),
('0095', 'Abi Haidar Luthfi', 2, 'A', 450000),
('0096', 'Alfarizkiano Azka', 2, 'A', 450000),
('0097', 'Alina Zia Althafunnisa', 2, 'A', 450000),
('0098', 'Aneira Zivara Pudiyanto', 2, 'A', 450000),
('0099', 'Anindiya Khoirun Nissa', 2, 'A', 450000),
('0100', 'Anindya Quinsha Zahra', 2, 'A', 450000),
('0101', 'Aqila Rahma Queensyifa', 2, 'A', 450000),
('0102', 'Arimbi Dasha Kirana', 2, 'A', 450000),
('0103', 'Danendra Octa Valencia', 2, 'A', 450000),
('0104', 'Davino Zavier Alfarizqi', 2, 'A', 450000),
('0105', 'Dhia Syarafana Alfiani', 2, 'A', 450000),
('0106', 'Emir Irsyad Zahran', 2, 'A', 450000),
('0107', 'Fathir Adhyastha Prasetiyawan', 2, 'A', 450000),
('0108', 'Isa Syauqi Adamantine', 2, 'A', 450000),
('0109', 'Makhaila Zakiyya Marwa', 2, 'A', 450000),
('0110', 'Maska Salahuddin Khalil Nafi', 2, 'A', 450000),
('0111', 'Moch. Rigido Agil Putra Suseno', 2, 'A', 450000),
('0112', 'Muhammad Naga Adipradana Wijan', 2, 'A', 450000),
('0113', 'Muhammad Radhika Yudhistira B', 2, 'A', 450000),
('0114', 'Nadira Asadel', 2, 'A', 450000),
('0115', 'Novka Ashamira Susvika', 2, 'A', 450000),
('0116', 'Nur Muchlis Alfathir', 2, 'A', 450000),
('0117', 'Nurieda Haifa', 2, 'A', 450000),
('0118', 'Rei Nuha Makarim Ferdian', 2, 'A', 450000),
('0119', 'Riffat Aufa Arrouf', 2, 'A', 450000),
('0120', 'Rizky Windraya Agusta', 2, 'A', 450000),
('0121', 'Zen Erumo Shihan Ridwan', 2, 'A', 450000),
('1111', 'qwqq', 1, 'A', 213),
('123', 'coba', 2, 'A', 2000000),
('202001', 'Abraham Kenzo Perwira', 1, 'B', 500000),
('202002', 'Akbar Arsa Pratama', 1, 'A', 500000),
('202003', 'Alifadliansyah Dzaky Alvaro', 1, 'A', 500000),
('202004', 'Asfa Ardiyansyah Putri', 1, 'A', 500000),
('202005', 'Athar Rayhan Kurniawan', 1, 'A', 500000),
('202006', 'Ayman Akhmad Rayyan', 1, 'A', 500000),
('202007', 'Azalia Zada Alzuki', 1, 'A', 500000),
('202008', 'Daffi Pratisara Najwaan', 1, 'A', 500000),
('202009', 'Dealona Magenta', 1, 'A', 500000),
('202010', 'Gibran Haidar Girinendra', 1, 'A', 500000),
('202011', 'Griselda Keyza Almira', 1, 'A', 500000),
('202012', 'Hafsya Qinan Pradipta', 1, 'A', 500000),
('202013', 'Hangga Dinata', 1, 'A', 500000),
('202014', 'Keenan Aufar Aryan Faeyza', 1, 'A', 500000),
('202015', 'Khaira Jasmine Shalihatunnisa', 1, 'B', 500000),
('202016', 'Khanza Lutfiyah Imtiyaz Amalia', 1, 'B', 500000),
('202017', 'Kim Ayanna Dovira', 1, 'B', 500000),
('202018', 'Kinandari Fazila Pranoto', 1, 'B', 500000),
('202019', 'Muhammad Iqbal Setiawan', 1, 'B', 500000),
('202020', 'Muhammad Rashid Rizqullah', 1, 'B', 500000),
('202021', 'Muhammad Reyhan Saylendra', 1, 'B', 500000),
('202022', 'Nabil Abiyu Fayyadh', 1, 'B', 500000),
('202023', 'Nayra Mikhaila Zanofa', 1, 'B', 500000),
('202024', 'Nuriel Ahmad Aufamayka Setiyad', 1, 'B', 500000),
('202025', 'Oryza Sativa Wicaksono', 1, 'B', 500000),
('202026', 'Rico Yanuaris Aditya', 1, 'B', 500000),
('202027', 'Tatum Avisa Orvala', 1, 'B', 500000),
('202028', 'Valerie Angelina Putri Donalds', 1, 'B', 500000);

-- --------------------------------------------------------

--
-- Table structure for table `kategori_pemasukkan_lain`
--

CREATE TABLE `kategori_pemasukkan_lain` (
  `id_kategori_pemasukkan_lain` int(11) NOT NULL,
  `nama_kategori_pemasukkan_lain` varchar(250) NOT NULL,
  `kode_pemasukkan_lain` text NOT NULL
) ENGINE=InnoDB DEFAULT CHARSET=latin1;

--
-- Dumping data for table `kategori_pemasukkan_lain`
--

INSERT INTO `kategori_pemasukkan_lain` (`id_kategori_pemasukkan_lain`, `nama_kategori_pemasukkan_lain`, `kode_pemasukkan_lain`) VALUES
(1, 'Seragam', '22.2.3'),
(2, 'Taekwondo', '24.5'),
(4, 'Pendaftaran', '23.2.1'),
(5, 'Robotik', '24.4'),
(6, 'Lain-lain', '24.9'),
(9, 'Sains', '24.11'),
(10, 'Kalender', '24.12');

-- --------------------------------------------------------

--
-- Table structure for table `kategori_pengeluaran`
--

CREATE TABLE `kategori_pengeluaran` (
  `id_kategori_pengeluaran` int(11) NOT NULL,
  `nama_kategori_pengeluaran` varchar(30) NOT NULL,
  `kode_pengeluaran` text NOT NULL
) ENGINE=InnoDB DEFAULT CHARSET=latin1;

--
-- Dumping data for table `kategori_pengeluaran`
--

INSERT INTO `kategori_pengeluaran` (`id_kategori_pengeluaran`, `nama_kategori_pengeluaran`, `kode_pengeluaran`) VALUES
(1, 'Lain-lain', '52.99'),
(2, 'Alat Tulis & Kebutuhan Kantor', '52.1'),
(3, 'Konsumsi', '52.8'),
(8, 'Copy, Jilid, Laminating', '52.2'),
(9, 'Kebersihan', '52.6');

-- --------------------------------------------------------

--
-- Table structure for table `pemasukkan_lain`
--

CREATE TABLE `pemasukkan_lain` (
  `no_pemasukkan_lain` int(11) NOT NULL,
  `id_kategori_pemasukkan_lain` int(11) NOT NULL,
  `tanggal_pemasukkan_lain` varchar(10) NOT NULL,
  `nominal_pemasukkan_lain` int(11) NOT NULL,
  `keterangan_pemasukkan_lain` varchar(250) DEFAULT NULL
) ENGINE=InnoDB DEFAULT CHARSET=latin1;

--
-- Dumping data for table `pemasukkan_lain`
--

INSERT INTO `pemasukkan_lain` (`no_pemasukkan_lain`, `id_kategori_pemasukkan_lain`, `tanggal_pemasukkan_lain`, `nominal_pemasukkan_lain`, `keterangan_pemasukkan_lain`) VALUES
(147, 10, '18/05/2020', 400000, 'Syauq'),
(148, 1, '21/05/2020', 200000, 'agus'),
(149, 2, '20/06/2020', 400000, 'Pembayaran atas nama Akbar Arsa Pratama(202002)'),
(150, 10, '06/05/2020', 100000, 'Aninduya'),
(151, 4, '15/05/2020', 300000, 'Alzku'),
(152, 6, '07/05/2020', 1000000, 'Hibah'),
(153, 1, '07/06/2020', 300000, 'rerta'),
(154, 9, '14/05/2020', 400000, 'Werdi'),
(155, 9, '16/06/2020', 500000, 'Nabila'),
(156, 2, '16/05/2020', 500000, 'Nabila'),
(157, 2, '10/05/2020', 700000, 'alif'),
(158, 2, '19/05/2020', 200000, 'Faiz'),
(159, 1, '19/06/2020', 200000, 'joko'),
(160, 4, '19/06/2020', 150000, 'joko'),
(161, 9, '19/06/2020', 200000, 'joko'),
(162, 10, '09/06/2020', 50000, 'joko\r\n'),
(163, 5, '05/06/2020', 400000, 'joko'),
(164, 2, '06/06/2020', 200000, 'joko'),
(165, 6, '19/06/2020', 50000, 'joko'),
(166, 4, '19/06/2020', 150000, 'asda'),
(167, 2, '19/06/2020', 100000, 'agni'),
(168, 1, '09/06/2020', 400000, 'yoivi'),
(169, 9, '27/06/2020', 123123, 'Pembayaran atas nama Azalia Zada Alzuki (202007)'),
(170, 1, '27/06/2020', 2000, 'testes');

-- --------------------------------------------------------

--
-- Table structure for table `pengeluaran`
--

CREATE TABLE `pengeluaran` (
  `no_pengeluaran` int(11) NOT NULL,
  `id_kategori_pengeluaran` int(11) NOT NULL,
  `tanggal_pengeluaran` varchar(10) NOT NULL,
  `nominal_pengeluaran` int(11) NOT NULL,
  `keterangan_pengeluaran` varchar(250) NOT NULL
) ENGINE=InnoDB DEFAULT CHARSET=latin1;

--
-- Dumping data for table `pengeluaran`
--

INSERT INTO `pengeluaran` (`no_pengeluaran`, `id_kategori_pengeluaran`, `tanggal_pengeluaran`, `nominal_pengeluaran`, `keterangan_pengeluaran`) VALUES
(16, 2, '19/06/2020', 3000000, 'ATK'),
(17, 8, '19/06/2020', 100000, 'Copy Kelas 1'),
(18, 9, '01/05/2020', 1500000, 'Pak Dodo'),
(19, 9, '01/05/2020', 1500000, 'Pak Ruslam'),
(20, 3, '09/05/2020', 500000, 'Rapat Bulanan'),
(21, 3, '19/06/2020', 500000, 'Rapat corona'),
(22, 8, '11/05/2020', 200000, 'kelas 2'),
(23, 1, '19/06/2020', 5000000, 'Hibah'),
(24, 9, '13/04/2020', 15000000, 'Kebersihan bulan April'),
(25, 9, '18/03/2020', 15000000, 'Bulan Maret'),
(26, 2, '24/03/2020', 5000000, 'atk'),
(27, 2, '08/01/2020', 5000000, 'atk'),
(28, 2, '04/02/2020', 6000000, 'atk'),
(29, 3, '09/04/2020', 15000000, 'konsum'),
(30, 3, '25/12/2019', 40000000, 'konsum'),
(31, 9, '24/06/2020', 600000, 'tes'),
(32, 1, '07/02/2020', 40000000, 'lain'),
(33, 1, '13/11/2019', 40000000, 'adadeg'),
(34, 8, '28/01/2020', 5000000, 'atk'),
(35, 9, '14/01/2020', 15000000, 'januari'),
(36, 9, '27/11/2019', 15000000, 'nov'),
(37, 1, '18/03/2020', 60000000, 'proyek pembangunan gedung kelas'),
(38, 8, '06/05/2020', 500000, 'copy dokumen daftar ulang'),
(39, 1, '19/06/2020', 150000, 'Renovasi Ruang Kelas'),
(40, 9, '01/05/2020', 15000000, 'mei'),
(41, 1, '13/01/2020', 10000000, 'lain'),
(42, 2, '14/01/2020', 10000000, 'atk'),
(43, 1, '14/04/2020', 25000000, 'dummy'),
(44, 1, '17/12/2019', 10000000, 'dasd'),
(45, 1, '20/01/2020', 20000000, 'asdsa'),
(46, 8, '12/05/2020', 5000000, 'tres'),
(47, 2, '19/06/2020', 300000, 'joko'),
(48, 8, '19/06/2020', 300000, 'joko'),
(49, 9, '18/06/2020', 300000, 'joko'),
(50, 3, '19/06/2020', 200000, 'joko'),
(51, 1, '19/06/2020', 200000, 'kebersihan'),
(52, 2, '19/06/2020', 200000, 'pulpen'),
(53, 3, '20/06/2020', 80000000, 'tes'),
(54, 3, '04/01/2015', 1000000, 'tes');

-- --------------------------------------------------------

--
-- Table structure for table `temporary`
--

CREATE TABLE `temporary` (
  `nama_temp` varchar(25) NOT NULL,
  `nominal` int(11) NOT NULL
) ENGINE=InnoDB DEFAULT CHARSET=latin1;

--
-- Dumping data for table `temporary`
--

INSERT INTO `temporary` (`nama_temp`, `nominal`) VALUES
('catering', 275000);

-- --------------------------------------------------------

--
-- Table structure for table `tes`
--

CREATE TABLE `tes` (
  `no` int(5) NOT NULL,
  `tanggal` varchar(20) NOT NULL,
  `nis` varchar(111) DEFAULT NULL,
  `nama` varchar(111) DEFAULT NULL,
  `kelas` varchar(111) DEFAULT NULL,
  `nominal` int(20) DEFAULT NULL,
  `spp` int(29) DEFAULT NULL,
  `cat` int(20) DEFAULT NULL,
  `robotik` int(20) DEFAULT NULL,
  `seragam` int(20) DEFAULT NULL,
  `sains` int(20) DEFAULT NULL,
  `pendaftaran` int(20) DEFAULT NULL,
  `taekwondo` int(11) DEFAULT NULL,
  `du` int(20) DEFAULT NULL,
  `retur` int(11) DEFAULT NULL,
  `kalender` int(11) DEFAULT NULL
) ENGINE=InnoDB DEFAULT CHARSET=utf8mb4;

-- --------------------------------------------------------

--
-- Table structure for table `user`
--

CREATE TABLE `user` (
  `user_id` int(11) NOT NULL,
  `username` varchar(25) NOT NULL,
  `password` varchar(255) NOT NULL,
  `role` int(11) NOT NULL
) ENGINE=InnoDB DEFAULT CHARSET=latin1;

--
-- Dumping data for table `user`
--

INSERT INTO `user` (`user_id`, `username`, `password`, `role`) VALUES
(1, 'admin', '$2y$10$bA4tJsN4ueme2zk6KD3FReBy8OrT9P52jzswnytduEEeotGQ6NLye', 1),
(2, 'bigpapa', '$2y$10$tonZkQrnGnp9n38rWeMTieLPNxtDfvy4Z/35Q4rlFObsm/xFnSae.', 1);

--
-- Indexes for dumped tables
--

--
-- Indexes for table `bayar_catering`
--
ALTER TABLE `bayar_catering`
  ADD PRIMARY KEY (`no_bayar_catering`),
  ADD KEY `bayar_catering_ibfk_1` (`NIS`);

--
-- Indexes for table `bayar_spp`
--
ALTER TABLE `bayar_spp`
  ADD PRIMARY KEY (`no_bayar_spp`),
  ADD KEY `bayar_spp_ibfk_1` (`NIS`);

--
-- Indexes for table `cicil_daftar_ulang`
--
ALTER TABLE `cicil_daftar_ulang`
  ADD PRIMARY KEY (`no_cicil_daftar_ulang`),
  ADD KEY `cicil_daftar_ulang_ibfk_1` (`no_bayar_daftar_ulang`);

--
-- Indexes for table `daftar_ulang`
--
ALTER TABLE `daftar_ulang`
  ADD PRIMARY KEY (`no_bayar_daftar_ulang`),
  ADD KEY `daftar_ulang_ibfk_1` (`NIS`);

--
-- Indexes for table `data_siswa`
--
ALTER TABLE `data_siswa`
  ADD PRIMARY KEY (`NIS`);

--
-- Indexes for table `kategori_pemasukkan_lain`
--
ALTER TABLE `kategori_pemasukkan_lain`
  ADD PRIMARY KEY (`id_kategori_pemasukkan_lain`);

--
-- Indexes for table `kategori_pengeluaran`
--
ALTER TABLE `kategori_pengeluaran`
  ADD PRIMARY KEY (`id_kategori_pengeluaran`);

--
-- Indexes for table `pemasukkan_lain`
--
ALTER TABLE `pemasukkan_lain`
  ADD PRIMARY KEY (`no_pemasukkan_lain`),
  ADD KEY `id_kategori_pemasukkan_lain` (`id_kategori_pemasukkan_lain`);

--
-- Indexes for table `pengeluaran`
--
ALTER TABLE `pengeluaran`
  ADD PRIMARY KEY (`no_pengeluaran`);

--
-- Indexes for table `temporary`
--
ALTER TABLE `temporary`
  ADD PRIMARY KEY (`nama_temp`);

--
-- Indexes for table `tes`
--
ALTER TABLE `tes`
  ADD PRIMARY KEY (`no`);

--
-- Indexes for table `user`
--
ALTER TABLE `user`
  ADD PRIMARY KEY (`user_id`);

--
-- AUTO_INCREMENT for dumped tables
--

--
-- AUTO_INCREMENT for table `bayar_catering`
--
ALTER TABLE `bayar_catering`
  MODIFY `no_bayar_catering` int(11) NOT NULL AUTO_INCREMENT, AUTO_INCREMENT=1345;

--
-- AUTO_INCREMENT for table `bayar_spp`
--
ALTER TABLE `bayar_spp`
  MODIFY `no_bayar_spp` int(11) NOT NULL AUTO_INCREMENT, AUTO_INCREMENT=1444;

--
-- AUTO_INCREMENT for table `cicil_daftar_ulang`
--
ALTER TABLE `cicil_daftar_ulang`
  MODIFY `no_cicil_daftar_ulang` int(11) NOT NULL AUTO_INCREMENT, AUTO_INCREMENT=105;

--
-- AUTO_INCREMENT for table `daftar_ulang`
--
ALTER TABLE `daftar_ulang`
  MODIFY `no_bayar_daftar_ulang` int(11) NOT NULL AUTO_INCREMENT, AUTO_INCREMENT=422;

--
-- AUTO_INCREMENT for table `kategori_pemasukkan_lain`
--
ALTER TABLE `kategori_pemasukkan_lain`
  MODIFY `id_kategori_pemasukkan_lain` int(11) NOT NULL AUTO_INCREMENT, AUTO_INCREMENT=13;

--
-- AUTO_INCREMENT for table `kategori_pengeluaran`
--
ALTER TABLE `kategori_pengeluaran`
  MODIFY `id_kategori_pengeluaran` int(11) NOT NULL AUTO_INCREMENT, AUTO_INCREMENT=12;

--
-- AUTO_INCREMENT for table `pemasukkan_lain`
--
ALTER TABLE `pemasukkan_lain`
  MODIFY `no_pemasukkan_lain` int(11) NOT NULL AUTO_INCREMENT, AUTO_INCREMENT=171;

--
-- AUTO_INCREMENT for table `pengeluaran`
--
ALTER TABLE `pengeluaran`
  MODIFY `no_pengeluaran` int(11) NOT NULL AUTO_INCREMENT, AUTO_INCREMENT=55;

--
-- AUTO_INCREMENT for table `tes`
--
ALTER TABLE `tes`
  MODIFY `no` int(5) NOT NULL AUTO_INCREMENT, AUTO_INCREMENT=64;

--
-- AUTO_INCREMENT for table `user`
--
ALTER TABLE `user`
  MODIFY `user_id` int(11) NOT NULL AUTO_INCREMENT, AUTO_INCREMENT=3;

--
-- Constraints for dumped tables
--

--
-- Constraints for table `bayar_catering`
--
ALTER TABLE `bayar_catering`
  ADD CONSTRAINT `bayar_catering_ibfk_1` FOREIGN KEY (`NIS`) REFERENCES `data_siswa` (`NIS`) ON DELETE CASCADE ON UPDATE CASCADE;

--
-- Constraints for table `bayar_spp`
--
ALTER TABLE `bayar_spp`
  ADD CONSTRAINT `bayar_spp_ibfk_1` FOREIGN KEY (`NIS`) REFERENCES `data_siswa` (`NIS`) ON DELETE CASCADE ON UPDATE CASCADE;

--
-- Constraints for table `cicil_daftar_ulang`
--
ALTER TABLE `cicil_daftar_ulang`
  ADD CONSTRAINT `cicil_daftar_ulang_ibfk_1` FOREIGN KEY (`no_bayar_daftar_ulang`) REFERENCES `daftar_ulang` (`no_bayar_daftar_ulang`) ON DELETE CASCADE ON UPDATE CASCADE;

--
-- Constraints for table `daftar_ulang`
--
ALTER TABLE `daftar_ulang`
  ADD CONSTRAINT `daftar_ulang_ibfk_1` FOREIGN KEY (`NIS`) REFERENCES `data_siswa` (`NIS`) ON DELETE CASCADE ON UPDATE CASCADE;

--
-- Constraints for table `pemasukkan_lain`
--
ALTER TABLE `pemasukkan_lain`
  ADD CONSTRAINT `pemasukkan_lain_ibfk_1` FOREIGN KEY (`id_kategori_pemasukkan_lain`) REFERENCES `kategori_pemasukkan_lain` (`id_kategori_pemasukkan_lain`) ON DELETE NO ACTION ON UPDATE CASCADE;
COMMIT;

/*!40101 SET CHARACTER_SET_CLIENT=@OLD_CHARACTER_SET_CLIENT */;
/*!40101 SET CHARACTER_SET_RESULTS=@OLD_CHARACTER_SET_RESULTS */;
/*!40101 SET COLLATION_CONNECTION=@OLD_COLLATION_CONNECTION */;
